<?xml version="1.0" encoding="UTF-8" standalone="yes"?>
<OrderViewRS TimeStamp="2017-04-21T07:49:43.335Z" Version="IATA2017.1" TransactionIdentifier="8be896965b7c4dd28f3718d9ba2a246a" xmlns="http://www.iata.org/IATA/EDIST/2017.1">
	<Document>
		<Name>ZEUS NDC GATEWAY</Name>
		<ReferenceVersion>20170419_125554</ReferenceVersion>
	</Document>
	<Success/>
	<Response>
		<OrderViewProcessing/>
		<Passengers/>
		<Order OrderID="A123459T8" Owner="Z9" OwnerType="ORA">
			<TotalOrderPrice>
				<SimpleCurrencyPrice Code="EUR">1770.16</SimpleCurrencyPrice>
			</TotalOrderPrice>
			<OrderItems>
				<OrderItem OrderItemID="ORDERITEM1" Owner="Z9" OwnerType="ORA">
					<PriceDetail>
						<BaseAmount Code="EUR">70.00</BaseAmount>
					</PriceDetail>
					<Service ServiceID="SV1023_AL2_1_SH2">
						<PassengerRef>SH2</PassengerRef>
						<ServiceDefinitionRef SegmentRef="F1">SV_1023</ServiceDefinitionRef>
						<Status>Service Delivery READY TO PROCEED</Status>
					</Service>
					<Service ServiceID="SV1023_AL2_2_SH1">
						<PassengerRef>SH1</PassengerRef>
						<ServiceDefinitionRef SegmentRef="F1">SV_1023</ServiceDefinitionRef>
						<Status>Service Delivery READY TO PROCEED</Status>
					</Service>
					<Status>OK</Status>
				</OrderItem>
				<OrderItem OrderItemID="ORDERITEM2" Owner="Z9" OwnerType="ORA">
					<PriceDetail>
						<BaseAmount Code="EUR">70.00</BaseAmount>
					</PriceDetail>
					<Service ServiceID="SV1023_AL2_3_SH2">
						<PassengerRef>SH2</PassengerRef>
						<ServiceDefinitionRef SegmentRef="F2">SV_1023</ServiceDefinitionRef>
						<Status>Service Delivery READY TO PROCEED</Status>
					</Service>
					<Service ServiceID="SV1023_AL2_4_SH1">
						<PassengerRef>SH1</PassengerRef>
						<ServiceDefinitionRef SegmentRef="F2">SV_1023</ServiceDefinitionRef>
						<Status>Service Delivery READY TO PROCEED</Status>
					</Service>
					<Status>OK</Status>
				</OrderItem>
				<OrderItem OrderItemID="ORDERITEM3" Owner="Z9" OwnerType="ORA">
					<PriceDetail>
						<BaseAmount Taxable="true" Code="USD">238.00</BaseAmount>
						<Taxes>
							<Total Code="USD">577.08</Total>
						</Taxes>
					</PriceDetail>
					<Service ServiceID="SV1_1_FL_LHRDXB_1_SH2_5_SH2">
						<PassengerRef>SH2</PassengerRef>
						<SegmentRef>F2</SegmentRef>
						<Status>Service Delivery READY TO PROCEED</Status>
					</Service>
					<Service ServiceID="SV1_1_FL_LHRDXB_1_SH2_6_SH2">
						<PassengerRef>SH2</PassengerRef>
						<SegmentRef>F1</SegmentRef>
						<Status>Service Delivery READY TO PROCEED</Status>
					</Service>
					<Service ServiceID="SV1_1_SV_1009_ERO_SH2_7_SH2">
						<PassengerRef>SH2</PassengerRef>
						<ServiceDefinitionRef SegmentRef="F2">SV_1009</ServiceDefinitionRef>
						<Status>Service Delivery READY TO PROCEED</Status>
					</Service>
					<Service ServiceID="SV1_1_SV_1010_ERO_SH2_8_SH2">
						<PassengerRef>SH2</PassengerRef>
						<ServiceDefinitionRef SegmentRef="F2">SV_1010</ServiceDefinitionRef>
						<Status>Service Delivery READY TO PROCEED</Status>
					</Service>
					<Service ServiceID="SV1_1_SV_1011_ERO_SH2_9_SH2">
						<PassengerRef>SH2</PassengerRef>
						<ServiceDefinitionRef SegmentRef="F2">SV_1011</ServiceDefinitionRef>
						<Status>Service Delivery READY TO PROCEED</Status>
					</Service>
					<Service ServiceID="SV1_1_SV_1012_ERO_SH2_10_SH2">
						<PassengerRef>SH2</PassengerRef>
						<ServiceDefinitionRef SegmentRef="F2">SV_1012</ServiceDefinitionRef>
						<Status>Service Delivery READY TO PROCEED</Status>
					</Service>
					<Service ServiceID="SV1_1_SV_1013_ERO_SH2_11_SH2">
						<PassengerRef>SH2</PassengerRef>
						<ServiceDefinitionRef SegmentRef="F2">SV_1013</ServiceDefinitionRef>
						<Status>Service Delivery READY TO PROCEED</Status>
					</Service>
					<Service ServiceID="SV1_1_SV_1014_ERO_SH2_12_SH2">
						<PassengerRef>SH2</PassengerRef>
						<ServiceDefinitionRef SegmentRef="F2">SV_1014</ServiceDefinitionRef>
						<Status>Service Delivery READY TO PROCEED</Status>
					</Service>
					<Service ServiceID="SV1_1_SV_1015_ERO_SH2_13_SH2">
						<PassengerRef>SH2</PassengerRef>
						<ServiceDefinitionRef SegmentRef="F2">SV_1015</ServiceDefinitionRef>
						<Status>Service Delivery READY TO PROCEED</Status>
					</Service>
					<Service ServiceID="SV1_1_SV_1016_ERO_SH2_14_SH2">
						<PassengerRef>SH2</PassengerRef>
						<ServiceDefinitionRef SegmentRef="F2">SV_1016</ServiceDefinitionRef>
						<Status>Service Delivery READY TO PROCEED</Status>
					</Service>
					<Service ServiceID="SV1_1_SV_1017_ERO_SH2_15_SH2">
						<PassengerRef>SH2</PassengerRef>
						<ServiceDefinitionRef SegmentRef="F2">SV_1017</ServiceDefinitionRef>
						<Status>Service Delivery READY TO PROCEED</Status>
					</Service>
					<Service ServiceID="SV1_1_SV_1018_ERO_SH2_16_SH2">
						<PassengerRef>SH2</PassengerRef>
						<ServiceDefinitionRef SegmentRef="F2">SV_1018</ServiceDefinitionRef>
						<Status>Service Delivery READY TO PROCEED</Status>
					</Service>
					<Service ServiceID="SV1_1_SV_1019_ERO_SH2_17_SH2">
						<PassengerRef>SH2</PassengerRef>
						<ServiceDefinitionRef SegmentRef="F2">SV_1019</ServiceDefinitionRef>
						<Status>Service Delivery READY TO PROCEED</Status>
					</Service>
					<Service ServiceID="SV1_1_SV_1020_ERO_SH2_18_SH2">
						<PassengerRef>SH2</PassengerRef>
						<ServiceDefinitionRef SegmentRef="F2">SV_1020</ServiceDefinitionRef>
						<Status>Service Delivery READY TO PROCEED</Status>
					</Service>
					<Service ServiceID="SV1_1_SV_1021_ERO_SH2_19_SH2">
						<PassengerRef>SH2</PassengerRef>
						<ServiceDefinitionRef SegmentRef="F2">SV_1021</ServiceDefinitionRef>
						<Status>Service Delivery READY TO PROCEED</Status>
					</Service>
					<Service ServiceID="SV1_1_SV_1022_ERO_SH2_20_SH2">
						<PassengerRef>SH2</PassengerRef>
						<ServiceDefinitionRef SegmentRef="F2">SV_1022</ServiceDefinitionRef>
						<Status>Service Delivery READY TO PROCEED</Status>
					</Service>
					<Service ServiceID="SV1_1_SV_1023_ERO_SH2_21_SH2">
						<PassengerRef>SH2</PassengerRef>
						<ServiceDefinitionRef SegmentRef="F2">SV_1023</ServiceDefinitionRef>
						<Status>Service Delivery READY TO PROCEED</Status>
					</Service>
					<Service ServiceID="SV1_1_SV_1023_ERO_SH2_22_SH2">
						<PassengerRef>SH2</PassengerRef>
						<ServiceDefinitionRef SegmentRef="F1">SV_1023</ServiceDefinitionRef>
						<Status>Service Delivery READY TO PROCEED</Status>
					</Service>
					<Service ServiceID="SV1_1_SV_1024_ERO_SH2_23_SH2">
						<PassengerRef>SH2</PassengerRef>
						<ServiceDefinitionRef SegmentRef="F2">SV_1024</ServiceDefinitionRef>
						<Status>Service Delivery READY TO PROCEED</Status>
					</Service>
					<Service ServiceID="SV1_1_SV_1024_ERO_SH2_24_SH2">
						<PassengerRef>SH2</PassengerRef>
						<ServiceDefinitionRef SegmentRef="F1">SV_1024</ServiceDefinitionRef>
						<Status>Service Delivery READY TO PROCEED</Status>
					</Service>
					<Service ServiceID="SV1_1_SV_102_ERO_SH2_25_SH2">
						<PassengerRef>SH2</PassengerRef>
						<ServiceDefinitionRef SegmentRef="F2">SV_102</ServiceDefinitionRef>
						<Status>Service Delivery READY TO PROCEED</Status>
					</Service>
					<Status>OK</Status>
				</OrderItem>
				<OrderItem OrderItemID="ORDERITEM4" Owner="Z9" OwnerType="ORA">
					<PriceDetail>
						<BaseAmount Taxable="true" Code="USD">238.00</BaseAmount>
						<Taxes>
							<Total Code="USD">577.08</Total>
						</Taxes>
					</PriceDetail>
					<Service ServiceID="SV1_2_FL_LHRDXB_1_SH1_26_SH1">
						<PassengerRef>SH1</PassengerRef>
						<SegmentRef>F2</SegmentRef>
						<Status>Service Delivery READY TO PROCEED</Status>
					</Service>
					<Service ServiceID="SV1_2_FL_LHRDXB_1_SH1_27_SH1">
						<PassengerRef>SH1</PassengerRef>
						<SegmentRef>F1</SegmentRef>
						<Status>Service Delivery READY TO PROCEED</Status>
					</Service>
					<Service ServiceID="SV1_2_SV_1009_ERO_SH1_28_SH1">
						<PassengerRef>SH1</PassengerRef>
						<ServiceDefinitionRef SegmentRef="F2">SV_1009</ServiceDefinitionRef>
						<Status>Service Delivery READY TO PROCEED</Status>
					</Service>
					<Service ServiceID="SV1_2_SV_1010_ERO_SH1_29_SH1">
						<PassengerRef>SH1</PassengerRef>
						<ServiceDefinitionRef SegmentRef="F2">SV_1010</ServiceDefinitionRef>
						<Status>Service Delivery READY TO PROCEED</Status>
					</Service>
					<Service ServiceID="SV1_2_SV_1011_ERO_SH1_30_SH1">
						<PassengerRef>SH1</PassengerRef>
						<ServiceDefinitionRef SegmentRef="F2">SV_1011</ServiceDefinitionRef>
						<Status>Service Delivery READY TO PROCEED</Status>
					</Service>
					<Service ServiceID="SV1_2_SV_1012_ERO_SH1_31_SH1">
						<PassengerRef>SH1</PassengerRef>
						<ServiceDefinitionRef SegmentRef="F2">SV_1012</ServiceDefinitionRef>
						<Status>Service Delivery READY TO PROCEED</Status>
					</Service>
					<Service ServiceID="SV1_2_SV_1013_ERO_SH1_32_SH1">
						<PassengerRef>SH1</PassengerRef>
						<ServiceDefinitionRef SegmentRef="F2">SV_1013</ServiceDefinitionRef>
						<Status>Service Delivery READY TO PROCEED</Status>
					</Service>
					<Service ServiceID="SV1_2_SV_1014_ERO_SH1_33_SH1">
						<PassengerRef>SH1</PassengerRef>
						<ServiceDefinitionRef SegmentRef="F2">SV_1014</ServiceDefinitionRef>
						<Status>Service Delivery READY TO PROCEED</Status>
					</Service>
					<Service ServiceID="SV1_2_SV_1015_ERO_SH1_34_SH1">
						<PassengerRef>SH1</PassengerRef>
						<ServiceDefinitionRef SegmentRef="F2">SV_1015</ServiceDefinitionRef>
						<Status>Service Delivery READY TO PROCEED</Status>
					</Service>
					<Service ServiceID="SV1_2_SV_1016_ERO_SH1_35_SH1">
						<PassengerRef>SH1</PassengerRef>
						<ServiceDefinitionRef SegmentRef="F2">SV_1016</ServiceDefinitionRef>
						<Status>Service Delivery READY TO PROCEED</Status>
					</Service>
					<Service ServiceID="SV1_2_SV_1017_ERO_SH1_36_SH1">
						<PassengerRef>SH1</PassengerRef>
						<ServiceDefinitionRef SegmentRef="F2">SV_1017</ServiceDefinitionRef>
						<Status>Service Delivery READY TO PROCEED</Status>
					</Service>
					<Service ServiceID="SV1_2_SV_1018_ERO_SH1_37_SH1">
						<PassengerRef>SH1</PassengerRef>
						<ServiceDefinitionRef SegmentRef="F2">SV_1018</ServiceDefinitionRef>
						<Status>Service Delivery READY TO PROCEED</Status>
					</Service>
					<Service ServiceID="SV1_2_SV_1019_ERO_SH1_38_SH1">
						<PassengerRef>SH1</PassengerRef>
						<ServiceDefinitionRef SegmentRef="F2">SV_1019</ServiceDefinitionRef>
						<Status>Service Delivery READY TO PROCEED</Status>
					</Service>
					<Service ServiceID="SV1_2_SV_1020_ERO_SH1_39_SH1">
						<PassengerRef>SH1</PassengerRef>
						<ServiceDefinitionRef SegmentRef="F2">SV_1020</ServiceDefinitionRef>
						<Status>Service Delivery READY TO PROCEED</Status>
					</Service>
					<Service ServiceID="SV1_2_SV_1021_ERO_SH1_40_SH1">
						<PassengerRef>SH1</PassengerRef>
						<ServiceDefinitionRef SegmentRef="F2">SV_1021</ServiceDefinitionRef>
						<Status>Service Delivery READY TO PROCEED</Status>
					</Service>
					<Service ServiceID="SV1_2_SV_1022_ERO_SH1_41_SH1">
						<PassengerRef>SH1</PassengerRef>
						<ServiceDefinitionRef SegmentRef="F2">SV_1022</ServiceDefinitionRef>
						<Status>Service Delivery READY TO PROCEED</Status>
					</Service>
					<Service ServiceID="SV1_2_SV_1023_ERO_SH1_42_SH1">
						<PassengerRef>SH1</PassengerRef>
						<ServiceDefinitionRef SegmentRef="F2">SV_1023</ServiceDefinitionRef>
						<Status>Service Delivery READY TO PROCEED</Status>
					</Service>
					<Service ServiceID="SV1_2_SV_1023_ERO_SH1_43_SH1">
						<PassengerRef>SH1</PassengerRef>
						<ServiceDefinitionRef SegmentRef="F1">SV_1023</ServiceDefinitionRef>
						<Status>Service Delivery READY TO PROCEED</Status>
					</Service>
					<Service ServiceID="SV1_2_SV_1024_ERO_SH1_44_SH1">
						<PassengerRef>SH1</PassengerRef>
						<ServiceDefinitionRef SegmentRef="F2">SV_1024</ServiceDefinitionRef>
						<Status>Service Delivery READY TO PROCEED</Status>
					</Service>
					<Service ServiceID="SV1_2_SV_1024_ERO_SH1_45_SH1">
						<PassengerRef>SH1</PassengerRef>
						<ServiceDefinitionRef SegmentRef="F1">SV_1024</ServiceDefinitionRef>
						<Status>Service Delivery READY TO PROCEED</Status>
					</Service>
					<Service ServiceID="SV1_2_SV_102_ERO_SH1_46_SH1">
						<PassengerRef>SH1</PassengerRef>
						<ServiceDefinitionRef SegmentRef="F2">SV_102</ServiceDefinitionRef>
						<Status>Service Delivery READY TO PROCEED</Status>
					</Service>
					<Status>OK</Status>
				</OrderItem>
			</OrderItems>
		</Order>
		<DataLists>
			<PassengerList>
				<Passenger PassengerID="SH2">
					<PTC>ADT</PTC>
					<Individual IndividualID="IND_SH2">
						<GivenName>Mary</GivenName>
						<Surname>Jones</Surname>
					</Individual>
				</Passenger>
				<Passenger PassengerID="SH1">
					<PTC>ADT</PTC>
					<Individual IndividualID="IND_SH1">
						<GivenName>John</GivenName>
						<Surname>Jones</Surname>
					</Individual>
				</Passenger>
			</PassengerList>
			<ContactList>
				<ContactInformation ContactID="CNTCT_SH2">
					<EmailAddress>
						<EmailAddressValue>mary@test.com</EmailAddressValue>
					</EmailAddress>
				</ContactInformation>
				<ContactInformation ContactID="CNTCT_SH1">
					<EmailAddress>
						<EmailAddressValue>john@test.com</EmailAddressValue>
					</EmailAddress>
				</ContactInformation>
			</ContactList>
			<FlightSegmentList>
				<FlightSegment SegmentKey="F1">
					<Departure>
						<AirportCode>LHR</AirportCode>
						<Date>2017-07-26</Date>
						<Time>07:50</Time>
						<AirportName>Heathrow Airport</AirportName>
					</Departure>
					<Arrival>
						<AirportCode>CDG</AirportCode>
						<Date>2017-07-26</Date>
						<Time>09:51</Time>
						<AirportName>Charles de Gaulle Airport</AirportName>
					</Arrival>
					<MarketingCarrier>
						<AirlineID>Z9</AirlineID>
						<FlightNumber>110</FlightNumber>
					</MarketingCarrier>
					<OperatingCarrier>
						<AirlineID>Z9</AirlineID>
						<FlightNumber>110</FlightNumber>
					</OperatingCarrier>
					<FlightDetail>
						<FlightDuration>
							<Value>P0DT0H0M0S</Value>
						</FlightDuration>
					</FlightDetail>
				</FlightSegment>
				<FlightSegment SegmentKey="F2">
					<Departure>
						<AirportCode>CDG</AirportCode>
						<Date>2017-07-26</Date>
						<Time>18:10</Time>
						<AirportName>Charles de Gaulle Airport</AirportName>
					</Departure>
					<Arrival>
						<AirportCode>DXB</AirportCode>
						<Date>2017-07-27</Date>
						<Time>03:05</Time>
						<AirportName>Dubai International Airport</AirportName>
					</Arrival>
					<MarketingCarrier>
						<AirlineID>Z9</AirlineID>
						<FlightNumber>099</FlightNumber>
					</MarketingCarrier>
					<OperatingCarrier>
						<AirlineID>Z9</AirlineID>
						<FlightNumber>099</FlightNumber>
					</OperatingCarrier>
					<FlightDetail>
						<FlightDuration>
							<Value>P0DT0H0M0S</Value>
						</FlightDuration>
					</FlightDetail>
				</FlightSegment>
			</FlightSegmentList>
			<ServiceDefinitionList>
				<ServiceDefinition ServiceDefinitionID="SV_102" Owner="Z9">
					<Name>Lactose-free meal</Name>
					<Encoding>
						<Type>MEL</Type>
					</Encoding>
					<Descriptions>
						<Description>
							<Text>This meal is for customers who are lactose-intolerant</Text>
						</Description>
					</Descriptions>
				</ServiceDefinition>
				<ServiceDefinition ServiceDefinitionID="SV_1023" Owner="Z9">
					<Name>1st Bag</Name>
					<Encoding>
						<Type>BAG</Type>
					</Encoding>
					<Descriptions>
						<Description>
							<Text>Do not get caught out at the airport</Text>
						</Description>
					</Descriptions>
				</ServiceDefinition>
				<ServiceDefinition ServiceDefinitionID="SV_1011" Owner="Z9">
					<Name>Lounge Pass</Name>
					<Encoding>
						<Type>GRN</Type>
					</Encoding>
					<Descriptions>
						<Description>
							<Text>Escape the crowds and find a quiet space to work or relax</Text>
						</Description>
					</Descriptions>
				</ServiceDefinition>
				<ServiceDefinition ServiceDefinitionID="SV_1024" Owner="Z9">
					<Name>3rd Bag</Name>
					<Encoding>
						<Type>BAG</Type>
					</Encoding>
					<Descriptions>
						<Description>
							<Text>Do not get caught out at the airport</Text>
						</Description>
					</Descriptions>
				</ServiceDefinition>
				<ServiceDefinition ServiceDefinitionID="SV_1020" Owner="Z9">
					<Name>Lactose-free meal</Name>
					<Encoding>
						<Type>MEL</Type>
					</Encoding>
					<Descriptions>
						<Description>
							<Text>This meal is for customers who are lactose-intolerant</Text>
						</Description>
					</Descriptions>
				</ServiceDefinition>
				<ServiceDefinition ServiceDefinitionID="SV_1021" Owner="Z9">
					<Name>Kosher meal</Name>
					<Encoding>
						<Type>MEL</Type>
					</Encoding>
					<Descriptions>
						<Description>
							<Text>Prepared by kosher caterers under rabbinical supervision</Text>
						</Description>
					</Descriptions>
				</ServiceDefinition>
				<ServiceDefinition ServiceDefinitionID="SV_1009" Owner="Z9">
					<Name>Inflight Wi-Fi</Name>
					<Encoding>
						<Type>CON</Type>
					</Encoding>
					<Descriptions>
						<Description>
							<Text>Stay connected using any Wi-Fi enabled device</Text>
						</Description>
					</Descriptions>
				</ServiceDefinition>
				<ServiceDefinition ServiceDefinitionID="SV_1018" Owner="Z9">
					<Name>Low-Carb meal</Name>
					<Encoding>
						<Type>MEL</Type>
					</Encoding>
					<Descriptions>
						<Description>
							<Text>For passengers with special dietary requirements as Low-Carb</Text>
						</Description>
					</Descriptions>
				</ServiceDefinition>
				<ServiceDefinition ServiceDefinitionID="SV_1016" Owner="Z9">
					<Name>Standard Meal</Name>
					<Encoding>
						<Type>MEL</Type>
					</Encoding>
					<Descriptions>
						<Description>
							<Text>Vegetarian Oriental Meal</Text>
						</Description>
					</Descriptions>
				</ServiceDefinition>
				<ServiceDefinition ServiceDefinitionID="SV_1022" Owner="Z9">
					<Name>Snack</Name>
					<Encoding>
						<Type>MEL</Type>
					</Encoding>
					<Descriptions>
						<Description>
							<Text>Enjoy a wide selection of complimentary snacks and beverages</Text>
						</Description>
					</Descriptions>
				</ServiceDefinition>
				<ServiceDefinition ServiceDefinitionID="SV_1015" Owner="Z9">
					<Name>Premium Seating</Name>
					<Encoding>
						<Type>SET</Type>
					</Encoding>
					<Descriptions>
						<Description>
							<Text>Take advantage of the Premium Economy cabin to rest,read or work</Text>
						</Description>
					</Descriptions>
				</ServiceDefinition>
				<ServiceDefinition ServiceDefinitionID="SV_1017" Owner="Z9">
					<Name>Standard Meal</Name>
					<Encoding>
						<Type>MEL</Type>
					</Encoding>
					<Descriptions>
						<Description>
							<Text>This is a non-strict vegetarian meal</Text>
						</Description>
					</Descriptions>
				</ServiceDefinition>
				<ServiceDefinition ServiceDefinitionID="SV_1013" Owner="Z9">
					<Name>Muslim Meal</Name>
					<Encoding>
						<Type>MEL</Type>
					</Encoding>
					<Descriptions>
						<Description>
							<Text>*Halal* meal prepared according to Islamic pinciples</Text>
						</Description>
					</Descriptions>
				</ServiceDefinition>
				<ServiceDefinition ServiceDefinitionID="SV_1019" Owner="Z9">
					<Name>Diabetic Meal</Name>
					<Encoding>
						<Type>MEL</Type>
					</Encoding>
					<Descriptions>
						<Description>
							<Text>Sugar is not used in the preparation of this meal</Text>
						</Description>
					</Descriptions>
				</ServiceDefinition>
				<ServiceDefinition ServiceDefinitionID="SV_1014" Owner="Z9">
					<Name>Advanced seat selection</Name>
					<Encoding>
						<Type>SET</Type>
					</Encoding>
					<Descriptions>
						<Description>
							<Text>A convenient option that lets you reserve your preferred seat</Text>
						</Description>
					</Descriptions>
				</ServiceDefinition>
				<ServiceDefinition ServiceDefinitionID="SV_1010" Owner="Z9">
					<Name>2nd Bag</Name>
					<Encoding>
						<Type>BAG</Type>
					</Encoding>
					<Descriptions>
						<Description>
							<Text>Second bag</Text>
						</Description>
					</Descriptions>
				</ServiceDefinition>
				<ServiceDefinition ServiceDefinitionID="SV_1012" Owner="Z9">
					<Name>Vegetarian Meal</Name>
					<Encoding>
						<Type>MEL</Type>
					</Encoding>
					<Descriptions>
						<Description>
							<Text>Vegetarian meal flavoured with spices from Indian sub-continent</Text>
						</Description>
					</Descriptions>
				</ServiceDefinition>
			</ServiceDefinitionList>
		</DataLists>
	</Response>
</OrderViewRS>
