<OrderCreateRQ xmlns="http://www.iata.org/IATA/EDIST/2017.1" Version="IATA2017.1" xmlns:xsi="http://www.w3.org/2001/XMLSchema-instance">
	<Document>
		<Name>ZEUS NDC GATEWAY</Name>
		<ReferenceVersion>1.0</ReferenceVersion>
	</Document>
	<Party>
		<Sender>
			<TravelAgencySender>
				<Name>JR TECHNOLOGIES</Name>
				<IATA_Number>12312312</IATA_Number>
				<AgencyID Owner="Z9">Z9</AgencyID>
			</TravelAgencySender>
		</Sender>
		<Participants>
			<Participant>
				<AggregatorParticipant SequenceNumber="1">
					<Name>JR TECHNOLOGIES</Name>
					<AggregatorID>88888888</AggregatorID>
				</AggregatorParticipant>
			</Participant>
		</Participants>
	</Party>
	<Query>
		<Passengers/>
		<Order>
			<Offer OfferID="OFFER1" Owner="Z9" ResponseID="201-bd056f93324a44d5af5fed111566b4d6">
				<TotalOfferPrice Code="EUR">1630.16</TotalOfferPrice>
				<OfferItem OfferItemID="OFFERITEM1_1">
					<PassengerRefs>SH2</PassengerRefs>
				</OfferItem>
				<OfferItem OfferItemID="OFFERITEM1_2">
					<PassengerRefs>SH1</PassengerRefs>
				</OfferItem>
			</Offer>
			<Offer OfferID="OFFER42" Owner="Z9" ResponseID="201-bd056f93324a44d5af5fed111566b4d6">
				<TotalOfferPrice Code="EUR">1561.04</TotalOfferPrice>
				<OfferItem OfferItemID="OFFERITEM15_1">
					<PassengerRefs>SH2</PassengerRefs>
				</OfferItem>
				<OfferItem OfferItemID="OFFERITEM15_2">
					<PassengerRefs>SH1</PassengerRefs>
				</OfferItem>
			</Offer>
			<Offer OfferID="ALaCarteOfferID_1" Owner="Z9" ResponseID="201-bd056f93324a44d5af5fed111566b4d6">
				<TotalOfferPrice Code="EUR">140.00</TotalOfferPrice>
				<OfferItem OfferItemID="OfferItemID1">
					<PassengerRefs>SH1 SH2</PassengerRefs>
					<ALaCarteSelection>
						<Quantity>1</Quantity>
						<SegmentID>SEG_LHRCDG_2</SegmentID>
					</ALaCarteSelection>
				</OfferItem>
				<OfferItem OfferItemID="OfferItemID1">
					<PassengerRefs>SH1 SH2</PassengerRefs>
					<ALaCarteSelection>
						<Quantity>1</Quantity>
						<SegmentID>SEG_CDGDXB_1</SegmentID>
					</ALaCarteSelection>
				</OfferItem>
			</Offer>
		</Order>
		<Payments>
			<Payment>
				<Method>
					<PaymentCard>
						<CardType>CREDIT</CardType>
						<CardCode>CA</CardCode>
						<CardNumber>5456912312789555</CardNumber>
						<SeriesCode>888</SeriesCode>
						<CardHolderName refs="SH1"/>
						<CardHolderBillingAddress>
							<Street>Waterside</Street>
							<CountryCode>GR</CountryCode>
						</CardHolderBillingAddress>
						<Surcharge>
							<Amount Code="GBP">0.00</Amount>
						</Surcharge>
						<EffectiveExpireDate>
							<Effective>1212</Effective>
							<Expiration>1220</Expiration>
						</EffectiveExpireDate>
					</PaymentCard>
				</Method>
				<Amount Code="GBP">3331.20</Amount>
			</Payment>
		</Payments>
		<DataLists>
			<PassengerList>
				<Passenger PassengerID="SH1">
					<PTC>ADT</PTC>
					<Individual>
						<GivenName>John</GivenName>
						<Surname>Jones</Surname>
					</Individual>
					<ContactInfoRef>SH1_CONT</ContactInfoRef>
				</Passenger>
				<Passenger PassengerID="SH2">
					<PTC>ADT</PTC>				
					<Individual>
						<GivenName>Mary</GivenName>
						<Surname>Jones</Surname>
					</Individual>
					<ContactInfoRef>SH2_CONT</ContactInfoRef>
				</Passenger>
			</PassengerList>
			<ContactList>
				<ContactInformation ContactID="SH1_CONT">
					<EmailAddress>
						<EmailAddressValue>john@test.com</EmailAddressValue>
					</EmailAddress>
				</ContactInformation>
				<ContactInformation ContactID="SH2_CONT">
					<EmailAddress>
						<EmailAddressValue>mary@test.com</EmailAddressValue>
					</EmailAddress>
				</ContactInformation>
			</ContactList>
		</DataLists>
	</Query>
</OrderCreateRQ>
