<OrderRetrieveRQ xmlns="http://www.iata.org/IATA/EDIST/2017.1" Version="IATA2017.1">
	<Document>
		<Name>ZEUS NDC GATEWAY</Name>
		<ReferenceVersion>1.0</ReferenceVersion>
	</Document>
	<Party>
		<Sender>
			<TravelAgencySender>
				<Name>JR TECHNOLOGIES</Name>
				<IATA_Number>12312312</IATA_Number>
				<AgencyID Owner="Z9">Z9</AgencyID>
			</TravelAgencySender>
		</Sender>
		<Participants>
			<Participant>
				<AggregatorParticipant SequenceNumber="1">
					<Name>JR TECHNOLOGIES</Name>
					<AggregatorID>88888888</AggregatorID>
				</AggregatorParticipant>
			</Participant>
		</Participants>
	</Party>
	<Query>
		<Filters>
			<OrderID Owner="Z9">A123459T8</OrderID>
		</Filters>
	</Query>
</OrderRetrieveRQ>
