<?xml version="1.0" encoding="UTF-8" standalone="yes"?>
<IATA_OrderSaleInformationNotificationRQ Version="IATA2017.1" TransactionIdentifier="5f4699a2b6a642d895ca5af2860867cb" xmlns="http://www.iata.org/IATA/EDIST/2017.1">
	<Passengers>
		<Passenger PassengerID="SH2">
			<Name>
				<Surname>Jones</Surname>
				<Given>Lilly</Given>
			</Name>
			<PassengerTypeCode>ADT</PassengerTypeCode>
		</Passenger>
		<Passenger PassengerID="SH1">
			<Name>
				<Surname>Jones</Surname>
				<Given>Mary</Given>
			</Name>
			<PassengerTypeCode>ADT</PassengerTypeCode>
			<Contact>
				<EmailContact>
					<Address>Lilly@test.com</Address>
				</EmailContact>
			</Contact>
		</Passenger>
	</Passengers>
	<Order OrderID="A123459M8">
		<TotalOrderPrice>
			<SimpleCurrencyPrice Code="USD">3331.20</SimpleCurrencyPrice>
		</TotalOrderPrice>
		<TotalOrderItemQuantity>6</TotalOrderItemQuantity>
		<ResponsibleAirline>Z9</ResponsibleAirline>
		<Date>2017-04-21Z</Date>
		<OrderItem OrderItemID="ORDERITEM1">
			<Price>
				<Amount Code="USD">780.52</Amount>
				<Taxes>
					<Total Code="USD">504.02</Total>
				</Taxes>
			</Price>
			<Service>
				<ServiceStatus>Service Delivery READY TO PROCEED</ServiceStatus>
				<Segment>
					<Status>
						<StatusCode>
							<Code>OK</Code>
						</StatusCode>
					</Status>
					<Departure>
						<AirportCode>LHR</AirportCode>
						<Date>2017-07-26</Date>
						<Time>07:50</Time>
					</Departure>
					<Arrival>
						<AirportCode>DXB</AirportCode>
						<Date>2017-07-26</Date>
						<Time>17:58</Time>
					</Arrival>
					<MarketingCarrier>
						<AirlineID>Z9</AirlineID>
						<FlightNumber>150</FlightNumber>
					</MarketingCarrier>
					<Details>
						<FlightDuration>
							<Value>P0DT0H1M0S</Value>
						</FlightDuration>
					</Details>
				</Segment>
				<Provider>
					<PartnerID>Z9</PartnerID>
				</Provider>
				<PassengerRef>SH2</PassengerRef>
				<ServiceInternalValue>0</ServiceInternalValue>
			</Service>
			<Service>
				<ServiceStatus>Service Delivery READY TO PROCEED</ServiceStatus>
				<ServiceSelection>
					<SegmentID>Z9150LHRDXB2017-07-26</SegmentID>
					<ServiceDefinition>
						<Name>Inflight Wi-Fi</Name>
						<Encoding>
							<Type>
								<Code>CON</Code>
							</Type>
						</Encoding>
						<Descriptions>
							<Description>
								<Text>Stay connected using any Wi-Fi enabled device</Text>
							</Description>
						</Descriptions>
					</ServiceDefinition>
				</ServiceSelection>
				<Provider>
					<PartnerID>Z9</PartnerID>
				</Provider>
				<PassengerRef>SH2</PassengerRef>
				<ServiceType>
					<Type>
						<Code>CON</Code>
					</Type>
				</ServiceType>
				<ServiceInternalValue>0</ServiceInternalValue>
			</Service>
			<Service>
				<ServiceStatus>Service Delivery READY TO PROCEED</ServiceStatus>
				<ServiceSelection>
					<SegmentID>Z9150LHRDXB2017-07-26</SegmentID>
					<ServiceDefinition>
						<Name>2nd Bag</Name>
						<Encoding>
							<Type>
								<Code>BAG</Code>
							</Type>
						</Encoding>
						<Descriptions>
							<Description>
								<Text>Second bag</Text>
							</Description>
						</Descriptions>
					</ServiceDefinition>
				</ServiceSelection>
				<Provider>
					<PartnerID>Z9</PartnerID>
				</Provider>
				<PassengerRef>SH2</PassengerRef>
				<ServiceType>
					<Type>
						<Code>BAG</Code>
					</Type>
				</ServiceType>
				<ServiceInternalValue>0</ServiceInternalValue>
			</Service>
			<Service>
				<ServiceStatus>Service Delivery READY TO PROCEED</ServiceStatus>
				<ServiceSelection>
					<SegmentID>Z9150LHRDXB2017-07-26</SegmentID>
					<ServiceDefinition>
						<Name>Lounge Pass</Name>
						<Encoding>
							<Type>
								<Code>GRN</Code>
							</Type>
						</Encoding>
						<Descriptions>
							<Description>
								<Text>Escape the crowds and find a quiet space to work or relax</Text>
							</Description>
						</Descriptions>
					</ServiceDefinition>
				</ServiceSelection>
				<Provider>
					<PartnerID>Z9</PartnerID>
				</Provider>
				<PassengerRef>SH2</PassengerRef>
				<ServiceType>
					<Type>
						<Code>GRN</Code>
					</Type>
				</ServiceType>
				<ServiceInternalValue>0</ServiceInternalValue>
			</Service>
			<Service>
				<ServiceStatus>Service Delivery READY TO PROCEED</ServiceStatus>
				<ServiceSelection>
					<SegmentID>Z9150LHRDXB2017-07-26</SegmentID>
					<ServiceDefinition>
						<Name>Vegetarian Meal</Name>
						<Encoding>
							<Type>
								<Code>MEL</Code>
							</Type>
						</Encoding>
						<Descriptions>
							<Description>
								<Text>Vegetarian meal flavoured with spices from Indian sub-continent</Text>
							</Description>
						</Descriptions>
					</ServiceDefinition>
				</ServiceSelection>
				<Provider>
					<PartnerID>Z9</PartnerID>
				</Provider>
				<PassengerRef>SH2</PassengerRef>
				<ServiceType>
					<Type>
						<Code>MEL</Code>
					</Type>
				</ServiceType>
				<ServiceInternalValue>0</ServiceInternalValue>
			</Service>
			<Service>
				<ServiceStatus>Service Delivery READY TO PROCEED</ServiceStatus>
				<ServiceSelection>
					<SegmentID>Z9150LHRDXB2017-07-26</SegmentID>
					<ServiceDefinition>
						<Name>Muslim Meal</Name>
						<Encoding>
							<Type>
								<Code>MEL</Code>
							</Type>
						</Encoding>
						<Descriptions>
							<Description>
								<Text>*Halal* meal prepared according to Islamic pinciples</Text>
							</Description>
						</Descriptions>
					</ServiceDefinition>
				</ServiceSelection>
				<Provider>
					<PartnerID>Z9</PartnerID>
				</Provider>
				<PassengerRef>SH2</PassengerRef>
				<ServiceType>
					<Type>
						<Code>MEL</Code>
					</Type>
				</ServiceType>
				<ServiceInternalValue>0</ServiceInternalValue>
			</Service>
			<Service>
				<ServiceStatus>Service Delivery READY TO PROCEED</ServiceStatus>
				<ServiceSelection>
					<SegmentID>Z9150LHRDXB2017-07-26</SegmentID>
					<ServiceDefinition>
						<Name>Advanced seat selection</Name>
						<Encoding>
							<Type>
								<Code>SET</Code>
							</Type>
						</Encoding>
						<Descriptions>
							<Description>
								<Text>A convenient option that lets you reserve your preferred seat</Text>
							</Description>
						</Descriptions>
					</ServiceDefinition>
				</ServiceSelection>
				<Provider>
					<PartnerID>Z9</PartnerID>
				</Provider>
				<PassengerRef>SH2</PassengerRef>
				<ServiceType>
					<Type>
						<Code>SET</Code>
					</Type>
				</ServiceType>
				<ServiceInternalValue>0</ServiceInternalValue>
			</Service>
			<Service>
				<ServiceStatus>Service Delivery READY TO PROCEED</ServiceStatus>
				<ServiceSelection>
					<SegmentID>Z9150LHRDXB2017-07-26</SegmentID>
					<ServiceDefinition>
						<Name>Premium Seating</Name>
						<Encoding>
							<Type>
								<Code>SET</Code>
							</Type>
						</Encoding>
						<Descriptions>
							<Description>
								<Text>Take advantage of the Premium Economy cabin to rest,read or work</Text>
							</Description>
						</Descriptions>
					</ServiceDefinition>
				</ServiceSelection>
				<Provider>
					<PartnerID>Z9</PartnerID>
				</Provider>
				<PassengerRef>SH2</PassengerRef>
				<ServiceType>
					<Type>
						<Code>SET</Code>
					</Type>
				</ServiceType>
				<ServiceInternalValue>0</ServiceInternalValue>
			</Service>
			<Service>
				<ServiceStatus>Service Delivery READY TO PROCEED</ServiceStatus>
				<ServiceSelection>
					<SegmentID>Z9150LHRDXB2017-07-26</SegmentID>
					<ServiceDefinition>
						<Name>Standard Meal</Name>
						<Encoding>
							<Type>
								<Code>MEL</Code>
							</Type>
						</Encoding>
						<Descriptions>
							<Description>
								<Text>Vegetarian Oriental Meal</Text>
							</Description>
						</Descriptions>
					</ServiceDefinition>
				</ServiceSelection>
				<Provider>
					<PartnerID>Z9</PartnerID>
				</Provider>
				<PassengerRef>SH2</PassengerRef>
				<ServiceType>
					<Type>
						<Code>MEL</Code>
					</Type>
				</ServiceType>
				<ServiceInternalValue>0</ServiceInternalValue>
			</Service>
			<Service>
				<ServiceStatus>Service Delivery READY TO PROCEED</ServiceStatus>
				<ServiceSelection>
					<SegmentID>Z9150LHRDXB2017-07-26</SegmentID>
					<ServiceDefinition>
						<Name>Standard Meal</Name>
						<Encoding>
							<Type>
								<Code>MEL</Code>
							</Type>
						</Encoding>
						<Descriptions>
							<Description>
								<Text>This is a non-strict vegetarian meal</Text>
							</Description>
						</Descriptions>
					</ServiceDefinition>
				</ServiceSelection>
				<Provider>
					<PartnerID>Z9</PartnerID>
				</Provider>
				<PassengerRef>SH2</PassengerRef>
				<ServiceType>
					<Type>
						<Code>MEL</Code>
					</Type>
				</ServiceType>
				<ServiceInternalValue>0</ServiceInternalValue>
			</Service>
			<Service>
				<ServiceStatus>Service Delivery READY TO PROCEED</ServiceStatus>
				<ServiceSelection>
					<SegmentID>Z9150LHRDXB2017-07-26</SegmentID>
					<ServiceDefinition>
						<Name>Low-Carb meal</Name>
						<Encoding>
							<Type>
								<Code>MEL</Code>
							</Type>
						</Encoding>
						<Descriptions>
							<Description>
								<Text>For passengers with special dietary requirements as Low-Carb</Text>
							</Description>
						</Descriptions>
					</ServiceDefinition>
				</ServiceSelection>
				<Provider>
					<PartnerID>Z9</PartnerID>
				</Provider>
				<PassengerRef>SH2</PassengerRef>
				<ServiceType>
					<Type>
						<Code>MEL</Code>
					</Type>
				</ServiceType>
				<ServiceInternalValue>0</ServiceInternalValue>
			</Service>
			<Service>
				<ServiceStatus>Service Delivery READY TO PROCEED</ServiceStatus>
				<ServiceSelection>
					<SegmentID>Z9150LHRDXB2017-07-26</SegmentID>
					<ServiceDefinition>
						<Name>Diabetic Meal</Name>
						<Encoding>
							<Type>
								<Code>MEL</Code>
							</Type>
						</Encoding>
						<Descriptions>
							<Description>
								<Text>Sugar is not used in the preparation of this meal</Text>
							</Description>
						</Descriptions>
					</ServiceDefinition>
				</ServiceSelection>
				<Provider>
					<PartnerID>Z9</PartnerID>
				</Provider>
				<PassengerRef>SH2</PassengerRef>
				<ServiceType>
					<Type>
						<Code>MEL</Code>
					</Type>
				</ServiceType>
				<ServiceInternalValue>0</ServiceInternalValue>
			</Service>
			<Service>
				<ServiceStatus>Service Delivery READY TO PROCEED</ServiceStatus>
				<ServiceSelection>
					<SegmentID>Z9150LHRDXB2017-07-26</SegmentID>
					<ServiceDefinition>
						<Name>Lactose-free meal</Name>
						<Encoding>
							<Type>
								<Code>MEL</Code>
							</Type>
						</Encoding>
						<Descriptions>
							<Description>
								<Text>This meal is for customers who are lactose-intolerant</Text>
							</Description>
						</Descriptions>
					</ServiceDefinition>
				</ServiceSelection>
				<Provider>
					<PartnerID>Z9</PartnerID>
				</Provider>
				<PassengerRef>SH2</PassengerRef>
				<ServiceType>
					<Type>
						<Code>MEL</Code>
					</Type>
				</ServiceType>
				<ServiceInternalValue>0</ServiceInternalValue>
			</Service>
			<Service>
				<ServiceStatus>Service Delivery READY TO PROCEED</ServiceStatus>
				<ServiceSelection>
					<SegmentID>Z9150LHRDXB2017-07-26</SegmentID>
					<ServiceDefinition>
						<Name>Kosher meal</Name>
						<Encoding>
							<Type>
								<Code>MEL</Code>
							</Type>
						</Encoding>
						<Descriptions>
							<Description>
								<Text>Prepared by kosher caterers under rabbinical supervision</Text>
							</Description>
						</Descriptions>
					</ServiceDefinition>
				</ServiceSelection>
				<Provider>
					<PartnerID>Z9</PartnerID>
				</Provider>
				<PassengerRef>SH2</PassengerRef>
				<ServiceType>
					<Type>
						<Code>MEL</Code>
					</Type>
				</ServiceType>
				<ServiceInternalValue>0</ServiceInternalValue>
			</Service>
			<Service>
				<ServiceStatus>Service Delivery READY TO PROCEED</ServiceStatus>
				<ServiceSelection>
					<SegmentID>Z9150LHRDXB2017-07-26</SegmentID>
					<ServiceDefinition>
						<Name>Snack</Name>
						<Encoding>
							<Type>
								<Code>MEL</Code>
							</Type>
						</Encoding>
						<Descriptions>
							<Description>
								<Text>Enjoy a wide selection of complimentary snacks and beverages</Text>
							</Description>
						</Descriptions>
					</ServiceDefinition>
				</ServiceSelection>
				<Provider>
					<PartnerID>Z9</PartnerID>
				</Provider>
				<PassengerRef>SH2</PassengerRef>
				<ServiceType>
					<Type>
						<Code>MEL</Code>
					</Type>
				</ServiceType>
				<ServiceInternalValue>0</ServiceInternalValue>
			</Service>
			<Service>
				<ServiceStatus>Service Delivery READY TO PROCEED</ServiceStatus>
				<ServiceSelection>
					<SegmentID>Z9150LHRDXB2017-07-26</SegmentID>
					<ServiceDefinition>
						<Name>1st Bag</Name>
						<Encoding>
							<Type>
								<Code>BAG</Code>
							</Type>
						</Encoding>
						<Descriptions>
							<Description>
								<Text>Do not get caught out at the airport</Text>
							</Description>
						</Descriptions>
					</ServiceDefinition>
				</ServiceSelection>
				<Provider>
					<PartnerID>Z9</PartnerID>
				</Provider>
				<PassengerRef>SH2</PassengerRef>
				<ServiceType>
					<Type>
						<Code>BAG</Code>
					</Type>
				</ServiceType>
				<ServiceInternalValue>0</ServiceInternalValue>
			</Service>
			<Service>
				<ServiceStatus>Service Delivery READY TO PROCEED</ServiceStatus>
				<ServiceSelection>
					<SegmentID>Z9150LHRDXB2017-07-26</SegmentID>
					<ServiceDefinition>
						<Name>3rd Bag</Name>
						<Encoding>
							<Type>
								<Code>BAG</Code>
							</Type>
						</Encoding>
						<Descriptions>
							<Description>
								<Text>Do not get caught out at the airport</Text>
							</Description>
						</Descriptions>
					</ServiceDefinition>
				</ServiceSelection>
				<Provider>
					<PartnerID>Z9</PartnerID>
				</Provider>
				<PassengerRef>SH2</PassengerRef>
				<ServiceType>
					<Type>
						<Code>BAG</Code>
					</Type>
				</ServiceType>
				<ServiceInternalValue>0</ServiceInternalValue>
			</Service>
			<Service>
				<ServiceStatus>Service Delivery READY TO PROCEED</ServiceStatus>
				<ServiceSelection>
					<SegmentID>Z9150LHRDXB2017-07-26</SegmentID>
					<ServiceDefinition>
						<Name>Lactose-free meal</Name>
						<Encoding>
							<Type>
								<Code>MEL</Code>
							</Type>
						</Encoding>
						<Descriptions>
							<Description>
								<Text>This meal is for customers who are lactose-intolerant</Text>
							</Description>
						</Descriptions>
					</ServiceDefinition>
				</ServiceSelection>
				<Provider>
					<PartnerID>Z9</PartnerID>
				</Provider>
				<PassengerRef>SH2</PassengerRef>
				<ServiceType>
					<Type>
						<Code>MEL</Code>
					</Type>
				</ServiceType>
				<ServiceInternalValue>0</ServiceInternalValue>
			</Service>
		</OrderItem>
		<OrderItem OrderItemID="ORDERITEM2">
			<Price>
				<Amount Code="USD">780.52</Amount>
				<Taxes>
					<Total Code="USD">504.02</Total>
				</Taxes>
			</Price>
			<Service>
				<ServiceStatus>Service Delivery READY TO PROCEED</ServiceStatus>
				<Segment>
					<Status>
						<StatusCode>
							<Code>OK</Code>
						</StatusCode>
					</Status>
					<Departure>
						<AirportCode>LHR</AirportCode>
						<Date>2017-07-26</Date>
						<Time>07:50</Time>
					</Departure>
					<Arrival>
						<AirportCode>DXB</AirportCode>
						<Date>2017-07-26</Date>
						<Time>17:58</Time>
					</Arrival>
					<MarketingCarrier>
						<AirlineID>Z9</AirlineID>
						<FlightNumber>150</FlightNumber>
					</MarketingCarrier>
					<Details>
						<FlightDuration>
							<Value>P0DT0H1M0S</Value>
						</FlightDuration>
					</Details>
				</Segment>
				<Provider>
					<PartnerID>Z9</PartnerID>
				</Provider>
				<PassengerRef>SH1</PassengerRef>
				<ServiceInternalValue>0</ServiceInternalValue>
			</Service>
			<Service>
				<ServiceStatus>Service Delivery READY TO PROCEED</ServiceStatus>
				<ServiceSelection>
					<SegmentID>Z9150LHRDXB2017-07-26</SegmentID>
					<ServiceDefinition>
						<Name>Inflight Wi-Fi</Name>
						<Encoding>
							<Type>
								<Code>CON</Code>
							</Type>
						</Encoding>
						<Descriptions>
							<Description>
								<Text>Stay connected using any Wi-Fi enabled device</Text>
							</Description>
						</Descriptions>
					</ServiceDefinition>
				</ServiceSelection>
				<Provider>
					<PartnerID>Z9</PartnerID>
				</Provider>
				<PassengerRef>SH1</PassengerRef>
				<ServiceType>
					<Type>
						<Code>CON</Code>
					</Type>
				</ServiceType>
				<ServiceInternalValue>0</ServiceInternalValue>
			</Service>
			<Service>
				<ServiceStatus>Service Delivery READY TO PROCEED</ServiceStatus>
				<ServiceSelection>
					<SegmentID>Z9150LHRDXB2017-07-26</SegmentID>
					<ServiceDefinition>
						<Name>2nd Bag</Name>
						<Encoding>
							<Type>
								<Code>BAG</Code>
							</Type>
						</Encoding>
						<Descriptions>
							<Description>
								<Text>Second bag</Text>
							</Description>
						</Descriptions>
					</ServiceDefinition>
				</ServiceSelection>
				<Provider>
					<PartnerID>Z9</PartnerID>
				</Provider>
				<PassengerRef>SH1</PassengerRef>
				<ServiceType>
					<Type>
						<Code>BAG</Code>
					</Type>
				</ServiceType>
				<ServiceInternalValue>0</ServiceInternalValue>
			</Service>
			<Service>
				<ServiceStatus>Service Delivery READY TO PROCEED</ServiceStatus>
				<ServiceSelection>
					<SegmentID>Z9150LHRDXB2017-07-26</SegmentID>
					<ServiceDefinition>
						<Name>Lounge Pass</Name>
						<Encoding>
							<Type>
								<Code>GRN</Code>
							</Type>
						</Encoding>
						<Descriptions>
							<Description>
								<Text>Escape the crowds and find a quiet space to work or relax</Text>
							</Description>
						</Descriptions>
					</ServiceDefinition>
				</ServiceSelection>
				<Provider>
					<PartnerID>Z9</PartnerID>
				</Provider>
				<PassengerRef>SH1</PassengerRef>
				<ServiceType>
					<Type>
						<Code>GRN</Code>
					</Type>
				</ServiceType>
				<ServiceInternalValue>0</ServiceInternalValue>
			</Service>
			<Service>
				<ServiceStatus>Service Delivery READY TO PROCEED</ServiceStatus>
				<ServiceSelection>
					<SegmentID>Z9150LHRDXB2017-07-26</SegmentID>
					<ServiceDefinition>
						<Name>Vegetarian Meal</Name>
						<Encoding>
							<Type>
								<Code>MEL</Code>
							</Type>
						</Encoding>
						<Descriptions>
							<Description>
								<Text>Vegetarian meal flavoured with spices from Indian sub-continent</Text>
							</Description>
						</Descriptions>
					</ServiceDefinition>
				</ServiceSelection>
				<Provider>
					<PartnerID>Z9</PartnerID>
				</Provider>
				<PassengerRef>SH1</PassengerRef>
				<ServiceType>
					<Type>
						<Code>MEL</Code>
					</Type>
				</ServiceType>
				<ServiceInternalValue>0</ServiceInternalValue>
			</Service>
			<Service>
				<ServiceStatus>Service Delivery READY TO PROCEED</ServiceStatus>
				<ServiceSelection>
					<SegmentID>Z9150LHRDXB2017-07-26</SegmentID>
					<ServiceDefinition>
						<Name>Muslim Meal</Name>
						<Encoding>
							<Type>
								<Code>MEL</Code>
							</Type>
						</Encoding>
						<Descriptions>
							<Description>
								<Text>*Halal* meal prepared according to Islamic pinciples</Text>
							</Description>
						</Descriptions>
					</ServiceDefinition>
				</ServiceSelection>
				<Provider>
					<PartnerID>Z9</PartnerID>
				</Provider>
				<PassengerRef>SH1</PassengerRef>
				<ServiceType>
					<Type>
						<Code>MEL</Code>
					</Type>
				</ServiceType>
				<ServiceInternalValue>0</ServiceInternalValue>
			</Service>
			<Service>
				<ServiceStatus>Service Delivery READY TO PROCEED</ServiceStatus>
				<ServiceSelection>
					<SegmentID>Z9150LHRDXB2017-07-26</SegmentID>
					<ServiceDefinition>
						<Name>Advanced seat selection</Name>
						<Encoding>
							<Type>
								<Code>SET</Code>
							</Type>
						</Encoding>
						<Descriptions>
							<Description>
								<Text>A convenient option that lets you reserve your preferred seat</Text>
							</Description>
						</Descriptions>
					</ServiceDefinition>
				</ServiceSelection>
				<Provider>
					<PartnerID>Z9</PartnerID>
				</Provider>
				<PassengerRef>SH1</PassengerRef>
				<ServiceType>
					<Type>
						<Code>SET</Code>
					</Type>
				</ServiceType>
				<ServiceInternalValue>0</ServiceInternalValue>
			</Service>
			<Service>
				<ServiceStatus>Service Delivery READY TO PROCEED</ServiceStatus>
				<ServiceSelection>
					<SegmentID>Z9150LHRDXB2017-07-26</SegmentID>
					<ServiceDefinition>
						<Name>Premium Seating</Name>
						<Encoding>
							<Type>
								<Code>SET</Code>
							</Type>
						</Encoding>
						<Descriptions>
							<Description>
								<Text>Take advantage of the Premium Economy cabin to rest,read or work</Text>
							</Description>
						</Descriptions>
					</ServiceDefinition>
				</ServiceSelection>
				<Provider>
					<PartnerID>Z9</PartnerID>
				</Provider>
				<PassengerRef>SH1</PassengerRef>
				<ServiceType>
					<Type>
						<Code>SET</Code>
					</Type>
				</ServiceType>
				<ServiceInternalValue>0</ServiceInternalValue>
			</Service>
			<Service>
				<ServiceStatus>Service Delivery READY TO PROCEED</ServiceStatus>
				<ServiceSelection>
					<SegmentID>Z9150LHRDXB2017-07-26</SegmentID>
					<ServiceDefinition>
						<Name>Standard Meal</Name>
						<Encoding>
							<Type>
								<Code>MEL</Code>
							</Type>
						</Encoding>
						<Descriptions>
							<Description>
								<Text>Vegetarian Oriental Meal</Text>
							</Description>
						</Descriptions>
					</ServiceDefinition>
				</ServiceSelection>
				<Provider>
					<PartnerID>Z9</PartnerID>
				</Provider>
				<PassengerRef>SH1</PassengerRef>
				<ServiceType>
					<Type>
						<Code>MEL</Code>
					</Type>
				</ServiceType>
				<ServiceInternalValue>0</ServiceInternalValue>
			</Service>
			<Service>
				<ServiceStatus>Service Delivery READY TO PROCEED</ServiceStatus>
				<ServiceSelection>
					<SegmentID>Z9150LHRDXB2017-07-26</SegmentID>
					<ServiceDefinition>
						<Name>Standard Meal</Name>
						<Encoding>
							<Type>
								<Code>MEL</Code>
							</Type>
						</Encoding>
						<Descriptions>
							<Description>
								<Text>This is a non-strict vegetarian meal</Text>
							</Description>
						</Descriptions>
					</ServiceDefinition>
				</ServiceSelection>
				<Provider>
					<PartnerID>Z9</PartnerID>
				</Provider>
				<PassengerRef>SH1</PassengerRef>
				<ServiceType>
					<Type>
						<Code>MEL</Code>
					</Type>
				</ServiceType>
				<ServiceInternalValue>0</ServiceInternalValue>
			</Service>
			<Service>
				<ServiceStatus>Service Delivery READY TO PROCEED</ServiceStatus>
				<ServiceSelection>
					<SegmentID>Z9150LHRDXB2017-07-26</SegmentID>
					<ServiceDefinition>
						<Name>Low-Carb meal</Name>
						<Encoding>
							<Type>
								<Code>MEL</Code>
							</Type>
						</Encoding>
						<Descriptions>
							<Description>
								<Text>For passengers with special dietary requirements as Low-Carb</Text>
							</Description>
						</Descriptions>
					</ServiceDefinition>
				</ServiceSelection>
				<Provider>
					<PartnerID>Z9</PartnerID>
				</Provider>
				<PassengerRef>SH1</PassengerRef>
				<ServiceType>
					<Type>
						<Code>MEL</Code>
					</Type>
				</ServiceType>
				<ServiceInternalValue>0</ServiceInternalValue>
			</Service>
			<Service>
				<ServiceStatus>Service Delivery READY TO PROCEED</ServiceStatus>
				<ServiceSelection>
					<SegmentID>Z9150LHRDXB2017-07-26</SegmentID>
					<ServiceDefinition>
						<Name>Diabetic Meal</Name>
						<Encoding>
							<Type>
								<Code>MEL</Code>
							</Type>
						</Encoding>
						<Descriptions>
							<Description>
								<Text>Sugar is not used in the preparation of this meal</Text>
							</Description>
						</Descriptions>
					</ServiceDefinition>
				</ServiceSelection>
				<Provider>
					<PartnerID>Z9</PartnerID>
				</Provider>
				<PassengerRef>SH1</PassengerRef>
				<ServiceType>
					<Type>
						<Code>MEL</Code>
					</Type>
				</ServiceType>
				<ServiceInternalValue>0</ServiceInternalValue>
			</Service>
			<Service>
				<ServiceStatus>Service Delivery READY TO PROCEED</ServiceStatus>
				<ServiceSelection>
					<SegmentID>Z9150LHRDXB2017-07-26</SegmentID>
					<ServiceDefinition>
						<Name>Lactose-free meal</Name>
						<Encoding>
							<Type>
								<Code>MEL</Code>
							</Type>
						</Encoding>
						<Descriptions>
							<Description>
								<Text>This meal is for customers who are lactose-intolerant</Text>
							</Description>
						</Descriptions>
					</ServiceDefinition>
				</ServiceSelection>
				<Provider>
					<PartnerID>Z9</PartnerID>
				</Provider>
				<PassengerRef>SH1</PassengerRef>
				<ServiceType>
					<Type>
						<Code>MEL</Code>
					</Type>
				</ServiceType>
				<ServiceInternalValue>0</ServiceInternalValue>
			</Service>
			<Service>
				<ServiceStatus>Service Delivery READY TO PROCEED</ServiceStatus>
				<ServiceSelection>
					<SegmentID>Z9150LHRDXB2017-07-26</SegmentID>
					<ServiceDefinition>
						<Name>Kosher meal</Name>
						<Encoding>
							<Type>
								<Code>MEL</Code>
							</Type>
						</Encoding>
						<Descriptions>
							<Description>
								<Text>Prepared by kosher caterers under rabbinical supervision</Text>
							</Description>
						</Descriptions>
					</ServiceDefinition>
				</ServiceSelection>
				<Provider>
					<PartnerID>Z9</PartnerID>
				</Provider>
				<PassengerRef>SH1</PassengerRef>
				<ServiceType>
					<Type>
						<Code>MEL</Code>
					</Type>
				</ServiceType>
				<ServiceInternalValue>0</ServiceInternalValue>
			</Service>
			<Service>
				<ServiceStatus>Service Delivery READY TO PROCEED</ServiceStatus>
				<ServiceSelection>
					<SegmentID>Z9150LHRDXB2017-07-26</SegmentID>
					<ServiceDefinition>
						<Name>Snack</Name>
						<Encoding>
							<Type>
								<Code>MEL</Code>
							</Type>
						</Encoding>
						<Descriptions>
							<Description>
								<Text>Enjoy a wide selection of complimentary snacks and beverages</Text>
							</Description>
						</Descriptions>
					</ServiceDefinition>
				</ServiceSelection>
				<Provider>
					<PartnerID>Z9</PartnerID>
				</Provider>
				<PassengerRef>SH1</PassengerRef>
				<ServiceType>
					<Type>
						<Code>MEL</Code>
					</Type>
				</ServiceType>
				<ServiceInternalValue>0</ServiceInternalValue>
			</Service>
			<Service>
				<ServiceStatus>Service Delivery READY TO PROCEED</ServiceStatus>
				<ServiceSelection>
					<SegmentID>Z9150LHRDXB2017-07-26</SegmentID>
					<ServiceDefinition>
						<Name>1st Bag</Name>
						<Encoding>
							<Type>
								<Code>BAG</Code>
							</Type>
						</Encoding>
						<Descriptions>
							<Description>
								<Text>Do not get caught out at the airport</Text>
							</Description>
						</Descriptions>
					</ServiceDefinition>
				</ServiceSelection>
				<Provider>
					<PartnerID>Z9</PartnerID>
				</Provider>
				<PassengerRef>SH1</PassengerRef>
				<ServiceType>
					<Type>
						<Code>BAG</Code>
					</Type>
				</ServiceType>
				<ServiceInternalValue>0</ServiceInternalValue>
			</Service>
			<Service>
				<ServiceStatus>Service Delivery READY TO PROCEED</ServiceStatus>
				<ServiceSelection>
					<SegmentID>Z9150LHRDXB2017-07-26</SegmentID>
					<ServiceDefinition>
						<Name>3rd Bag</Name>
						<Encoding>
							<Type>
								<Code>BAG</Code>
							</Type>
						</Encoding>
						<Descriptions>
							<Description>
								<Text>Do not get caught out at the airport</Text>
							</Description>
						</Descriptions>
					</ServiceDefinition>
				</ServiceSelection>
				<Provider>
					<PartnerID>Z9</PartnerID>
				</Provider>
				<PassengerRef>SH1</PassengerRef>
				<ServiceType>
					<Type>
						<Code>BAG</Code>
					</Type>
				</ServiceType>
				<ServiceInternalValue>0</ServiceInternalValue>
			</Service>
			<Service>
				<ServiceStatus>Service Delivery READY TO PROCEED</ServiceStatus>
				<ServiceSelection>
					<SegmentID>Z9150LHRDXB2017-07-26</SegmentID>
					<ServiceDefinition>
						<Name>Lactose-free meal</Name>
						<Encoding>
							<Type>
								<Code>MEL</Code>
							</Type>
						</Encoding>
						<Descriptions>
							<Description>
								<Text>This meal is for customers who are lactose-intolerant</Text>
							</Description>
						</Descriptions>
					</ServiceDefinition>
				</ServiceSelection>
				<Provider>
					<PartnerID>Z9</PartnerID>
				</Provider>
				<PassengerRef>SH1</PassengerRef>
				<ServiceType>
					<Type>
						<Code>MEL</Code>
					</Type>
				</ServiceType>
				<ServiceInternalValue>0</ServiceInternalValue>
			</Service>
		</OrderItem>
		<OrderItem OrderItemID="ORDERITEM3">
			<Price>
				<Amount Code="EUR">70.00</Amount>
			</Price>
			<Service>
				<ServiceStatus>Service Delivery READY TO PROCEED</ServiceStatus>
				<ServiceSelection>
					<SegmentID>Z9110LHRCDG2017-07-26</SegmentID>
					<ServiceDefinition>
						<Name>1st Bag</Name>
						<Encoding>
							<Type>
								<Code>BAG</Code>
							</Type>
						</Encoding>
						<Descriptions>
							<Description>
								<Text>Do not get caught out at the airport</Text>
							</Description>
						</Descriptions>
					</ServiceDefinition>
				</ServiceSelection>
				<Provider>
					<PartnerID>Z9</PartnerID>
				</Provider>
				<PassengerRef>SH2</PassengerRef>
				<ServiceType>
					<Type>
						<Code>BAG</Code>
					</Type>
				</ServiceType>
				<ServiceInternalValue>0</ServiceInternalValue>
			</Service>
			<Service>
				<ServiceStatus>Service Delivery READY TO PROCEED</ServiceStatus>
				<ServiceSelection>
					<SegmentID>Z9110LHRCDG2017-07-26</SegmentID>
					<ServiceDefinition>
						<Name>1st Bag</Name>
						<Encoding>
							<Type>
								<Code>BAG</Code>
							</Type>
						</Encoding>
						<Descriptions>
							<Description>
								<Text>Do not get caught out at the airport</Text>
							</Description>
						</Descriptions>
					</ServiceDefinition>
				</ServiceSelection>
				<Provider>
					<PartnerID>Z9</PartnerID>
				</Provider>
				<PassengerRef>SH1</PassengerRef>
				<ServiceType>
					<Type>
						<Code>BAG</Code>
					</Type>
				</ServiceType>
				<ServiceInternalValue>0</ServiceInternalValue>
			</Service>
		</OrderItem>
		<OrderItem OrderItemID="ORDERITEM4">
			<Price>
				<Amount Code="EUR">70.00</Amount>
			</Price>
			<Service>
				<ServiceStatus>Service Delivery READY TO PROCEED</ServiceStatus>
				<ServiceSelection>
					<SegmentID>Z9099CDGDXB2017-07-26</SegmentID>
					<ServiceDefinition>
						<Name>1st Bag</Name>
						<Encoding>
							<Type>
								<Code>BAG</Code>
							</Type>
						</Encoding>
						<Descriptions>
							<Description>
								<Text>Do not get caught out at the airport</Text>
							</Description>
						</Descriptions>
					</ServiceDefinition>
				</ServiceSelection>
				<Provider>
					<PartnerID>Z9</PartnerID>
				</Provider>
				<PassengerRef>SH2</PassengerRef>
				<ServiceType>
					<Type>
						<Code>BAG</Code>
					</Type>
				</ServiceType>
				<ServiceInternalValue>0</ServiceInternalValue>
			</Service>
			<Service>
				<ServiceStatus>Service Delivery READY TO PROCEED</ServiceStatus>
				<ServiceSelection>
					<SegmentID>Z9099CDGDXB2017-07-26</SegmentID>
					<ServiceDefinition>
						<Name>1st Bag</Name>
						<Encoding>
							<Type>
								<Code>BAG</Code>
							</Type>
						</Encoding>
						<Descriptions>
							<Description>
								<Text>Do not get caught out at the airport</Text>
							</Description>
						</Descriptions>
					</ServiceDefinition>
				</ServiceSelection>
				<Provider>
					<PartnerID>Z9</PartnerID>
				</Provider>
				<PassengerRef>SH1</PassengerRef>
				<ServiceType>
					<Type>
						<Code>BAG</Code>
					</Type>
				</ServiceType>
				<ServiceInternalValue>0</ServiceInternalValue>
			</Service>
		</OrderItem>
		<OrderItem OrderItemID="ORDERITEM5">
			<Price>
				<Amount Code="USD">815.08</Amount>
				<Taxes>
					<Total Code="USD">577.08</Total>
				</Taxes>
			</Price>
			<Service>
				<ServiceStatus>Service Delivery READY TO PROCEED</ServiceStatus>
				<Segment>
					<Status>
						<StatusCode>
							<Code>OK</Code>
						</StatusCode>
					</Status>
					<Departure>
						<AirportCode>CDG</AirportCode>
						<Date>2017-07-26</Date>
						<Time>18:10</Time>
					</Departure>
					<Arrival>
						<AirportCode>DXB</AirportCode>
						<Date>2017-07-27</Date>
						<Time>03:05</Time>
					</Arrival>
					<MarketingCarrier>
						<AirlineID>Z9</AirlineID>
						<FlightNumber>099</FlightNumber>
					</MarketingCarrier>
					<Details>
						<FlightDuration>
							<Value>P0DT0H1M0S</Value>
						</FlightDuration>
					</Details>
				</Segment>
				<Provider>
					<PartnerID>Z9</PartnerID>
				</Provider>
				<PassengerRef>SH2</PassengerRef>
				<ServiceInternalValue>0</ServiceInternalValue>
			</Service>
			<Service>
				<ServiceStatus>Service Delivery READY TO PROCEED</ServiceStatus>
				<Segment>
					<Status>
						<StatusCode>
							<Code>OK</Code>
						</StatusCode>
					</Status>
					<Departure>
						<AirportCode>LHR</AirportCode>
						<Date>2017-07-26</Date>
						<Time>07:50</Time>
					</Departure>
					<Arrival>
						<AirportCode>CDG</AirportCode>
						<Date>2017-07-26</Date>
						<Time>09:51</Time>
					</Arrival>
					<MarketingCarrier>
						<AirlineID>Z9</AirlineID>
						<FlightNumber>110</FlightNumber>
					</MarketingCarrier>
					<Details>
						<FlightDuration>
							<Value>P0DT0H1M0S</Value>
						</FlightDuration>
					</Details>
				</Segment>
				<Provider>
					<PartnerID>Z9</PartnerID>
				</Provider>
				<PassengerRef>SH2</PassengerRef>
				<ServiceInternalValue>0</ServiceInternalValue>
			</Service>
			<Service>
				<ServiceStatus>Service Delivery READY TO PROCEED</ServiceStatus>
				<ServiceSelection>
					<SegmentID>Z9099CDGDXB2017-07-26</SegmentID>
					<ServiceDefinition>
						<Name>Inflight Wi-Fi</Name>
						<Encoding>
							<Type>
								<Code>CON</Code>
							</Type>
						</Encoding>
						<Descriptions>
							<Description>
								<Text>Stay connected using any Wi-Fi enabled device</Text>
							</Description>
						</Descriptions>
					</ServiceDefinition>
				</ServiceSelection>
				<Provider>
					<PartnerID>Z9</PartnerID>
				</Provider>
				<PassengerRef>SH2</PassengerRef>
				<ServiceType>
					<Type>
						<Code>CON</Code>
					</Type>
				</ServiceType>
				<ServiceInternalValue>0</ServiceInternalValue>
			</Service>
			<Service>
				<ServiceStatus>Service Delivery READY TO PROCEED</ServiceStatus>
				<ServiceSelection>
					<SegmentID>Z9099CDGDXB2017-07-26</SegmentID>
					<ServiceDefinition>
						<Name>2nd Bag</Name>
						<Encoding>
							<Type>
								<Code>BAG</Code>
							</Type>
						</Encoding>
						<Descriptions>
							<Description>
								<Text>Second bag</Text>
							</Description>
						</Descriptions>
					</ServiceDefinition>
				</ServiceSelection>
				<Provider>
					<PartnerID>Z9</PartnerID>
				</Provider>
				<PassengerRef>SH2</PassengerRef>
				<ServiceType>
					<Type>
						<Code>BAG</Code>
					</Type>
				</ServiceType>
				<ServiceInternalValue>0</ServiceInternalValue>
			</Service>
			<Service>
				<ServiceStatus>Service Delivery READY TO PROCEED</ServiceStatus>
				<ServiceSelection>
					<SegmentID>Z9099CDGDXB2017-07-26</SegmentID>
					<ServiceDefinition>
						<Name>Lounge Pass</Name>
						<Encoding>
							<Type>
								<Code>GRN</Code>
							</Type>
						</Encoding>
						<Descriptions>
							<Description>
								<Text>Escape the crowds and find a quiet space to work or relax</Text>
							</Description>
						</Descriptions>
					</ServiceDefinition>
				</ServiceSelection>
				<Provider>
					<PartnerID>Z9</PartnerID>
				</Provider>
				<PassengerRef>SH2</PassengerRef>
				<ServiceType>
					<Type>
						<Code>GRN</Code>
					</Type>
				</ServiceType>
				<ServiceInternalValue>0</ServiceInternalValue>
			</Service>
			<Service>
				<ServiceStatus>Service Delivery READY TO PROCEED</ServiceStatus>
				<ServiceSelection>
					<SegmentID>Z9099CDGDXB2017-07-26</SegmentID>
					<ServiceDefinition>
						<Name>Vegetarian Meal</Name>
						<Encoding>
							<Type>
								<Code>MEL</Code>
							</Type>
						</Encoding>
						<Descriptions>
							<Description>
								<Text>Vegetarian meal flavoured with spices from Indian sub-continent</Text>
							</Description>
						</Descriptions>
					</ServiceDefinition>
				</ServiceSelection>
				<Provider>
					<PartnerID>Z9</PartnerID>
				</Provider>
				<PassengerRef>SH2</PassengerRef>
				<ServiceType>
					<Type>
						<Code>MEL</Code>
					</Type>
				</ServiceType>
				<ServiceInternalValue>0</ServiceInternalValue>
			</Service>
			<Service>
				<ServiceStatus>Service Delivery READY TO PROCEED</ServiceStatus>
				<ServiceSelection>
					<SegmentID>Z9099CDGDXB2017-07-26</SegmentID>
					<ServiceDefinition>
						<Name>Muslim Meal</Name>
						<Encoding>
							<Type>
								<Code>MEL</Code>
							</Type>
						</Encoding>
						<Descriptions>
							<Description>
								<Text>*Halal* meal prepared according to Islamic pinciples</Text>
							</Description>
						</Descriptions>
					</ServiceDefinition>
				</ServiceSelection>
				<Provider>
					<PartnerID>Z9</PartnerID>
				</Provider>
				<PassengerRef>SH2</PassengerRef>
				<ServiceType>
					<Type>
						<Code>MEL</Code>
					</Type>
				</ServiceType>
				<ServiceInternalValue>0</ServiceInternalValue>
			</Service>
			<Service>
				<ServiceStatus>Service Delivery READY TO PROCEED</ServiceStatus>
				<ServiceSelection>
					<SegmentID>Z9099CDGDXB2017-07-26</SegmentID>
					<ServiceDefinition>
						<Name>Advanced seat selection</Name>
						<Encoding>
							<Type>
								<Code>SET</Code>
							</Type>
						</Encoding>
						<Descriptions>
							<Description>
								<Text>A convenient option that lets you reserve your preferred seat</Text>
							</Description>
						</Descriptions>
					</ServiceDefinition>
				</ServiceSelection>
				<Provider>
					<PartnerID>Z9</PartnerID>
				</Provider>
				<PassengerRef>SH2</PassengerRef>
				<ServiceType>
					<Type>
						<Code>SET</Code>
					</Type>
				</ServiceType>
				<ServiceInternalValue>0</ServiceInternalValue>
			</Service>
			<Service>
				<ServiceStatus>Service Delivery READY TO PROCEED</ServiceStatus>
				<ServiceSelection>
					<SegmentID>Z9099CDGDXB2017-07-26</SegmentID>
					<ServiceDefinition>
						<Name>Premium Seating</Name>
						<Encoding>
							<Type>
								<Code>SET</Code>
							</Type>
						</Encoding>
						<Descriptions>
							<Description>
								<Text>Take advantage of the Premium Economy cabin to rest,read or work</Text>
							</Description>
						</Descriptions>
					</ServiceDefinition>
				</ServiceSelection>
				<Provider>
					<PartnerID>Z9</PartnerID>
				</Provider>
				<PassengerRef>SH2</PassengerRef>
				<ServiceType>
					<Type>
						<Code>SET</Code>
					</Type>
				</ServiceType>
				<ServiceInternalValue>0</ServiceInternalValue>
			</Service>
			<Service>
				<ServiceStatus>Service Delivery READY TO PROCEED</ServiceStatus>
				<ServiceSelection>
					<SegmentID>Z9099CDGDXB2017-07-26</SegmentID>
					<ServiceDefinition>
						<Name>Standard Meal</Name>
						<Encoding>
							<Type>
								<Code>MEL</Code>
							</Type>
						</Encoding>
						<Descriptions>
							<Description>
								<Text>Vegetarian Oriental Meal</Text>
							</Description>
						</Descriptions>
					</ServiceDefinition>
				</ServiceSelection>
				<Provider>
					<PartnerID>Z9</PartnerID>
				</Provider>
				<PassengerRef>SH2</PassengerRef>
				<ServiceType>
					<Type>
						<Code>MEL</Code>
					</Type>
				</ServiceType>
				<ServiceInternalValue>0</ServiceInternalValue>
			</Service>
			<Service>
				<ServiceStatus>Service Delivery READY TO PROCEED</ServiceStatus>
				<ServiceSelection>
					<SegmentID>Z9099CDGDXB2017-07-26</SegmentID>
					<ServiceDefinition>
						<Name>Standard Meal</Name>
						<Encoding>
							<Type>
								<Code>MEL</Code>
							</Type>
						</Encoding>
						<Descriptions>
							<Description>
								<Text>This is a non-strict vegetarian meal</Text>
							</Description>
						</Descriptions>
					</ServiceDefinition>
				</ServiceSelection>
				<Provider>
					<PartnerID>Z9</PartnerID>
				</Provider>
				<PassengerRef>SH2</PassengerRef>
				<ServiceType>
					<Type>
						<Code>MEL</Code>
					</Type>
				</ServiceType>
				<ServiceInternalValue>0</ServiceInternalValue>
			</Service>
			<Service>
				<ServiceStatus>Service Delivery READY TO PROCEED</ServiceStatus>
				<ServiceSelection>
					<SegmentID>Z9099CDGDXB2017-07-26</SegmentID>
					<ServiceDefinition>
						<Name>Low-Carb meal</Name>
						<Encoding>
							<Type>
								<Code>MEL</Code>
							</Type>
						</Encoding>
						<Descriptions>
							<Description>
								<Text>For passengers with special dietary requirements as Low-Carb</Text>
							</Description>
						</Descriptions>
					</ServiceDefinition>
				</ServiceSelection>
				<Provider>
					<PartnerID>Z9</PartnerID>
				</Provider>
				<PassengerRef>SH2</PassengerRef>
				<ServiceType>
					<Type>
						<Code>MEL</Code>
					</Type>
				</ServiceType>
				<ServiceInternalValue>0</ServiceInternalValue>
			</Service>
			<Service>
				<ServiceStatus>Service Delivery READY TO PROCEED</ServiceStatus>
				<ServiceSelection>
					<SegmentID>Z9099CDGDXB2017-07-26</SegmentID>
					<ServiceDefinition>
						<Name>Diabetic Meal</Name>
						<Encoding>
							<Type>
								<Code>MEL</Code>
							</Type>
						</Encoding>
						<Descriptions>
							<Description>
								<Text>Sugar is not used in the preparation of this meal</Text>
							</Description>
						</Descriptions>
					</ServiceDefinition>
				</ServiceSelection>
				<Provider>
					<PartnerID>Z9</PartnerID>
				</Provider>
				<PassengerRef>SH2</PassengerRef>
				<ServiceType>
					<Type>
						<Code>MEL</Code>
					</Type>
				</ServiceType>
				<ServiceInternalValue>0</ServiceInternalValue>
			</Service>
			<Service>
				<ServiceStatus>Service Delivery READY TO PROCEED</ServiceStatus>
				<ServiceSelection>
					<SegmentID>Z9099CDGDXB2017-07-26</SegmentID>
					<ServiceDefinition>
						<Name>Lactose-free meal</Name>
						<Encoding>
							<Type>
								<Code>MEL</Code>
							</Type>
						</Encoding>
						<Descriptions>
							<Description>
								<Text>This meal is for customers who are lactose-intolerant</Text>
							</Description>
						</Descriptions>
					</ServiceDefinition>
				</ServiceSelection>
				<Provider>
					<PartnerID>Z9</PartnerID>
				</Provider>
				<PassengerRef>SH2</PassengerRef>
				<ServiceType>
					<Type>
						<Code>MEL</Code>
					</Type>
				</ServiceType>
				<ServiceInternalValue>0</ServiceInternalValue>
			</Service>
			<Service>
				<ServiceStatus>Service Delivery READY TO PROCEED</ServiceStatus>
				<ServiceSelection>
					<SegmentID>Z9099CDGDXB2017-07-26</SegmentID>
					<ServiceDefinition>
						<Name>Kosher meal</Name>
						<Encoding>
							<Type>
								<Code>MEL</Code>
							</Type>
						</Encoding>
						<Descriptions>
							<Description>
								<Text>Prepared by kosher caterers under rabbinical supervision</Text>
							</Description>
						</Descriptions>
					</ServiceDefinition>
				</ServiceSelection>
				<Provider>
					<PartnerID>Z9</PartnerID>
				</Provider>
				<PassengerRef>SH2</PassengerRef>
				<ServiceType>
					<Type>
						<Code>MEL</Code>
					</Type>
				</ServiceType>
				<ServiceInternalValue>0</ServiceInternalValue>
			</Service>
			<Service>
				<ServiceStatus>Service Delivery READY TO PROCEED</ServiceStatus>
				<ServiceSelection>
					<SegmentID>Z9099CDGDXB2017-07-26</SegmentID>
					<ServiceDefinition>
						<Name>Snack</Name>
						<Encoding>
							<Type>
								<Code>MEL</Code>
							</Type>
						</Encoding>
						<Descriptions>
							<Description>
								<Text>Enjoy a wide selection of complimentary snacks and beverages</Text>
							</Description>
						</Descriptions>
					</ServiceDefinition>
				</ServiceSelection>
				<Provider>
					<PartnerID>Z9</PartnerID>
				</Provider>
				<PassengerRef>SH2</PassengerRef>
				<ServiceType>
					<Type>
						<Code>MEL</Code>
					</Type>
				</ServiceType>
				<ServiceInternalValue>0</ServiceInternalValue>
			</Service>
			<Service>
				<ServiceStatus>Service Delivery READY TO PROCEED</ServiceStatus>
				<ServiceSelection>
					<SegmentID>Z9099CDGDXB2017-07-26</SegmentID>
					<ServiceDefinition>
						<Name>1st Bag</Name>
						<Encoding>
							<Type>
								<Code>BAG</Code>
							</Type>
						</Encoding>
						<Descriptions>
							<Description>
								<Text>Do not get caught out at the airport</Text>
							</Description>
						</Descriptions>
					</ServiceDefinition>
				</ServiceSelection>
				<Provider>
					<PartnerID>Z9</PartnerID>
				</Provider>
				<PassengerRef>SH2</PassengerRef>
				<ServiceType>
					<Type>
						<Code>BAG</Code>
					</Type>
				</ServiceType>
				<ServiceInternalValue>0</ServiceInternalValue>
			</Service>
			<Service>
				<ServiceStatus>Service Delivery READY TO PROCEED</ServiceStatus>
				<ServiceSelection>
					<SegmentID>Z9110LHRCDG2017-07-26</SegmentID>
					<ServiceDefinition>
						<Name>1st Bag</Name>
						<Encoding>
							<Type>
								<Code>BAG</Code>
							</Type>
						</Encoding>
						<Descriptions>
							<Description>
								<Text>Do not get caught out at the airport</Text>
							</Description>
						</Descriptions>
					</ServiceDefinition>
				</ServiceSelection>
				<Provider>
					<PartnerID>Z9</PartnerID>
				</Provider>
				<PassengerRef>SH2</PassengerRef>
				<ServiceType>
					<Type>
						<Code>BAG</Code>
					</Type>
				</ServiceType>
				<ServiceInternalValue>0</ServiceInternalValue>
			</Service>
			<Service>
				<ServiceStatus>Service Delivery READY TO PROCEED</ServiceStatus>
				<ServiceSelection>
					<SegmentID>Z9099CDGDXB2017-07-26</SegmentID>
					<ServiceDefinition>
						<Name>3rd Bag</Name>
						<Encoding>
							<Type>
								<Code>BAG</Code>
							</Type>
						</Encoding>
						<Descriptions>
							<Description>
								<Text>Do not get caught out at the airport</Text>
							</Description>
						</Descriptions>
					</ServiceDefinition>
				</ServiceSelection>
				<Provider>
					<PartnerID>Z9</PartnerID>
				</Provider>
				<PassengerRef>SH2</PassengerRef>
				<ServiceType>
					<Type>
						<Code>BAG</Code>
					</Type>
				</ServiceType>
				<ServiceInternalValue>0</ServiceInternalValue>
			</Service>
			<Service>
				<ServiceStatus>Service Delivery READY TO PROCEED</ServiceStatus>
				<ServiceSelection>
					<SegmentID>Z9110LHRCDG2017-07-26</SegmentID>
					<ServiceDefinition>
						<Name>3rd Bag</Name>
						<Encoding>
							<Type>
								<Code>BAG</Code>
							</Type>
						</Encoding>
						<Descriptions>
							<Description>
								<Text>Do not get caught out at the airport</Text>
							</Description>
						</Descriptions>
					</ServiceDefinition>
				</ServiceSelection>
				<Provider>
					<PartnerID>Z9</PartnerID>
				</Provider>
				<PassengerRef>SH2</PassengerRef>
				<ServiceType>
					<Type>
						<Code>BAG</Code>
					</Type>
				</ServiceType>
				<ServiceInternalValue>0</ServiceInternalValue>
			</Service>
			<Service>
				<ServiceStatus>Service Delivery READY TO PROCEED</ServiceStatus>
				<ServiceSelection>
					<SegmentID>Z9099CDGDXB2017-07-26</SegmentID>
					<ServiceDefinition>
						<Name>Lactose-free meal</Name>
						<Encoding>
							<Type>
								<Code>MEL</Code>
							</Type>
						</Encoding>
						<Descriptions>
							<Description>
								<Text>This meal is for customers who are lactose-intolerant</Text>
							</Description>
						</Descriptions>
					</ServiceDefinition>
				</ServiceSelection>
				<Provider>
					<PartnerID>Z9</PartnerID>
				</Provider>
				<PassengerRef>SH2</PassengerRef>
				<ServiceType>
					<Type>
						<Code>MEL</Code>
					</Type>
				</ServiceType>
				<ServiceInternalValue>0</ServiceInternalValue>
			</Service>
		</OrderItem>
		<OrderItem OrderItemID="ORDERITEM6">
			<Price>
				<Amount Code="USD">815.08</Amount>
				<Taxes>
					<Total Code="USD">577.08</Total>
				</Taxes>
			</Price>
			<Service>
				<ServiceStatus>Service Delivery READY TO PROCEED</ServiceStatus>
				<Segment>
					<Status>
						<StatusCode>
							<Code>OK</Code>
						</StatusCode>
					</Status>
					<Departure>
						<AirportCode>CDG</AirportCode>
						<Date>2017-07-26</Date>
						<Time>18:10</Time>
					</Departure>
					<Arrival>
						<AirportCode>DXB</AirportCode>
						<Date>2017-07-27</Date>
						<Time>03:05</Time>
					</Arrival>
					<MarketingCarrier>
						<AirlineID>Z9</AirlineID>
						<FlightNumber>099</FlightNumber>
					</MarketingCarrier>
					<Details>
						<FlightDuration>
							<Value>P0DT0H1M0S</Value>
						</FlightDuration>
					</Details>
				</Segment>
				<Provider>
					<PartnerID>Z9</PartnerID>
				</Provider>
				<PassengerRef>SH1</PassengerRef>
				<ServiceInternalValue>0</ServiceInternalValue>
			</Service>
			<Service>
				<ServiceStatus>Service Delivery READY TO PROCEED</ServiceStatus>
				<Segment>
					<Status>
						<StatusCode>
							<Code>OK</Code>
						</StatusCode>
					</Status>
					<Departure>
						<AirportCode>LHR</AirportCode>
						<Date>2017-07-26</Date>
						<Time>07:50</Time>
					</Departure>
					<Arrival>
						<AirportCode>CDG</AirportCode>
						<Date>2017-07-26</Date>
						<Time>09:51</Time>
					</Arrival>
					<MarketingCarrier>
						<AirlineID>Z9</AirlineID>
						<FlightNumber>110</FlightNumber>
					</MarketingCarrier>
					<Details>
						<FlightDuration>
							<Value>P0DT0H1M0S</Value>
						</FlightDuration>
					</Details>
				</Segment>
				<Provider>
					<PartnerID>Z9</PartnerID>
				</Provider>
				<PassengerRef>SH1</PassengerRef>
				<ServiceInternalValue>0</ServiceInternalValue>
			</Service>
			<Service>
				<ServiceStatus>Service Delivery READY TO PROCEED</ServiceStatus>
				<ServiceSelection>
					<SegmentID>Z9099CDGDXB2017-07-26</SegmentID>
					<ServiceDefinition>
						<Name>Inflight Wi-Fi</Name>
						<Encoding>
							<Type>
								<Code>CON</Code>
							</Type>
						</Encoding>
						<Descriptions>
							<Description>
								<Text>Stay connected using any Wi-Fi enabled device</Text>
							</Description>
						</Descriptions>
					</ServiceDefinition>
				</ServiceSelection>
				<Provider>
					<PartnerID>Z9</PartnerID>
				</Provider>
				<PassengerRef>SH1</PassengerRef>
				<ServiceType>
					<Type>
						<Code>CON</Code>
					</Type>
				</ServiceType>
				<ServiceInternalValue>0</ServiceInternalValue>
			</Service>
			<Service>
				<ServiceStatus>Service Delivery READY TO PROCEED</ServiceStatus>
				<ServiceSelection>
					<SegmentID>Z9099CDGDXB2017-07-26</SegmentID>
					<ServiceDefinition>
						<Name>2nd Bag</Name>
						<Encoding>
							<Type>
								<Code>BAG</Code>
							</Type>
						</Encoding>
						<Descriptions>
							<Description>
								<Text>Second bag</Text>
							</Description>
						</Descriptions>
					</ServiceDefinition>
				</ServiceSelection>
				<Provider>
					<PartnerID>Z9</PartnerID>
				</Provider>
				<PassengerRef>SH1</PassengerRef>
				<ServiceType>
					<Type>
						<Code>BAG</Code>
					</Type>
				</ServiceType>
				<ServiceInternalValue>0</ServiceInternalValue>
			</Service>
			<Service>
				<ServiceStatus>Service Delivery READY TO PROCEED</ServiceStatus>
				<ServiceSelection>
					<SegmentID>Z9099CDGDXB2017-07-26</SegmentID>
					<ServiceDefinition>
						<Name>Lounge Pass</Name>
						<Encoding>
							<Type>
								<Code>GRN</Code>
							</Type>
						</Encoding>
						<Descriptions>
							<Description>
								<Text>Escape the crowds and find a quiet space to work or relax</Text>
							</Description>
						</Descriptions>
					</ServiceDefinition>
				</ServiceSelection>
				<Provider>
					<PartnerID>Z9</PartnerID>
				</Provider>
				<PassengerRef>SH1</PassengerRef>
				<ServiceType>
					<Type>
						<Code>GRN</Code>
					</Type>
				</ServiceType>
				<ServiceInternalValue>0</ServiceInternalValue>
			</Service>
			<Service>
				<ServiceStatus>Service Delivery READY TO PROCEED</ServiceStatus>
				<ServiceSelection>
					<SegmentID>Z9099CDGDXB2017-07-26</SegmentID>
					<ServiceDefinition>
						<Name>Vegetarian Meal</Name>
						<Encoding>
							<Type>
								<Code>MEL</Code>
							</Type>
						</Encoding>
						<Descriptions>
							<Description>
								<Text>Vegetarian meal flavoured with spices from Indian sub-continent</Text>
							</Description>
						</Descriptions>
					</ServiceDefinition>
				</ServiceSelection>
				<Provider>
					<PartnerID>Z9</PartnerID>
				</Provider>
				<PassengerRef>SH1</PassengerRef>
				<ServiceType>
					<Type>
						<Code>MEL</Code>
					</Type>
				</ServiceType>
				<ServiceInternalValue>0</ServiceInternalValue>
			</Service>
			<Service>
				<ServiceStatus>Service Delivery READY TO PROCEED</ServiceStatus>
				<ServiceSelection>
					<SegmentID>Z9099CDGDXB2017-07-26</SegmentID>
					<ServiceDefinition>
						<Name>Muslim Meal</Name>
						<Encoding>
							<Type>
								<Code>MEL</Code>
							</Type>
						</Encoding>
						<Descriptions>
							<Description>
								<Text>*Halal* meal prepared according to Islamic pinciples</Text>
							</Description>
						</Descriptions>
					</ServiceDefinition>
				</ServiceSelection>
				<Provider>
					<PartnerID>Z9</PartnerID>
				</Provider>
				<PassengerRef>SH1</PassengerRef>
				<ServiceType>
					<Type>
						<Code>MEL</Code>
					</Type>
				</ServiceType>
				<ServiceInternalValue>0</ServiceInternalValue>
			</Service>
			<Service>
				<ServiceStatus>Service Delivery READY TO PROCEED</ServiceStatus>
				<ServiceSelection>
					<SegmentID>Z9099CDGDXB2017-07-26</SegmentID>
					<ServiceDefinition>
						<Name>Advanced seat selection</Name>
						<Encoding>
							<Type>
								<Code>SET</Code>
							</Type>
						</Encoding>
						<Descriptions>
							<Description>
								<Text>A convenient option that lets you reserve your preferred seat</Text>
							</Description>
						</Descriptions>
					</ServiceDefinition>
				</ServiceSelection>
				<Provider>
					<PartnerID>Z9</PartnerID>
				</Provider>
				<PassengerRef>SH1</PassengerRef>
				<ServiceType>
					<Type>
						<Code>SET</Code>
					</Type>
				</ServiceType>
				<ServiceInternalValue>0</ServiceInternalValue>
			</Service>
			<Service>
				<ServiceStatus>Service Delivery READY TO PROCEED</ServiceStatus>
				<ServiceSelection>
					<SegmentID>Z9099CDGDXB2017-07-26</SegmentID>
					<ServiceDefinition>
						<Name>Premium Seating</Name>
						<Encoding>
							<Type>
								<Code>SET</Code>
							</Type>
						</Encoding>
						<Descriptions>
							<Description>
								<Text>Take advantage of the Premium Economy cabin to rest,read or work</Text>
							</Description>
						</Descriptions>
					</ServiceDefinition>
				</ServiceSelection>
				<Provider>
					<PartnerID>Z9</PartnerID>
				</Provider>
				<PassengerRef>SH1</PassengerRef>
				<ServiceType>
					<Type>
						<Code>SET</Code>
					</Type>
				</ServiceType>
				<ServiceInternalValue>0</ServiceInternalValue>
			</Service>
			<Service>
				<ServiceStatus>Service Delivery READY TO PROCEED</ServiceStatus>
				<ServiceSelection>
					<SegmentID>Z9099CDGDXB2017-07-26</SegmentID>
					<ServiceDefinition>
						<Name>Standard Meal</Name>
						<Encoding>
							<Type>
								<Code>MEL</Code>
							</Type>
						</Encoding>
						<Descriptions>
							<Description>
								<Text>Vegetarian Oriental Meal</Text>
							</Description>
						</Descriptions>
					</ServiceDefinition>
				</ServiceSelection>
				<Provider>
					<PartnerID>Z9</PartnerID>
				</Provider>
				<PassengerRef>SH1</PassengerRef>
				<ServiceType>
					<Type>
						<Code>MEL</Code>
					</Type>
				</ServiceType>
				<ServiceInternalValue>0</ServiceInternalValue>
			</Service>
			<Service>
				<ServiceStatus>Service Delivery READY TO PROCEED</ServiceStatus>
				<ServiceSelection>
					<SegmentID>Z9099CDGDXB2017-07-26</SegmentID>
					<ServiceDefinition>
						<Name>Standard Meal</Name>
						<Encoding>
							<Type>
								<Code>MEL</Code>
							</Type>
						</Encoding>
						<Descriptions>
							<Description>
								<Text>This is a non-strict vegetarian meal</Text>
							</Description>
						</Descriptions>
					</ServiceDefinition>
				</ServiceSelection>
				<Provider>
					<PartnerID>Z9</PartnerID>
				</Provider>
				<PassengerRef>SH1</PassengerRef>
				<ServiceType>
					<Type>
						<Code>MEL</Code>
					</Type>
				</ServiceType>
				<ServiceInternalValue>0</ServiceInternalValue>
			</Service>
			<Service>
				<ServiceStatus>Service Delivery READY TO PROCEED</ServiceStatus>
				<ServiceSelection>
					<SegmentID>Z9099CDGDXB2017-07-26</SegmentID>
					<ServiceDefinition>
						<Name>Low-Carb meal</Name>
						<Encoding>
							<Type>
								<Code>MEL</Code>
							</Type>
						</Encoding>
						<Descriptions>
							<Description>
								<Text>For passengers with special dietary requirements as Low-Carb</Text>
							</Description>
						</Descriptions>
					</ServiceDefinition>
				</ServiceSelection>
				<Provider>
					<PartnerID>Z9</PartnerID>
				</Provider>
				<PassengerRef>SH1</PassengerRef>
				<ServiceType>
					<Type>
						<Code>MEL</Code>
					</Type>
				</ServiceType>
				<ServiceInternalValue>0</ServiceInternalValue>
			</Service>
			<Service>
				<ServiceStatus>Service Delivery READY TO PROCEED</ServiceStatus>
				<ServiceSelection>
					<SegmentID>Z9099CDGDXB2017-07-26</SegmentID>
					<ServiceDefinition>
						<Name>Diabetic Meal</Name>
						<Encoding>
							<Type>
								<Code>MEL</Code>
							</Type>
						</Encoding>
						<Descriptions>
							<Description>
								<Text>Sugar is not used in the preparation of this meal</Text>
							</Description>
						</Descriptions>
					</ServiceDefinition>
				</ServiceSelection>
				<Provider>
					<PartnerID>Z9</PartnerID>
				</Provider>
				<PassengerRef>SH1</PassengerRef>
				<ServiceType>
					<Type>
						<Code>MEL</Code>
					</Type>
				</ServiceType>
				<ServiceInternalValue>0</ServiceInternalValue>
			</Service>
			<Service>
				<ServiceStatus>Service Delivery READY TO PROCEED</ServiceStatus>
				<ServiceSelection>
					<SegmentID>Z9099CDGDXB2017-07-26</SegmentID>
					<ServiceDefinition>
						<Name>Lactose-free meal</Name>
						<Encoding>
							<Type>
								<Code>MEL</Code>
							</Type>
						</Encoding>
						<Descriptions>
							<Description>
								<Text>This meal is for customers who are lactose-intolerant</Text>
							</Description>
						</Descriptions>
					</ServiceDefinition>
				</ServiceSelection>
				<Provider>
					<PartnerID>Z9</PartnerID>
				</Provider>
				<PassengerRef>SH1</PassengerRef>
				<ServiceType>
					<Type>
						<Code>MEL</Code>
					</Type>
				</ServiceType>
				<ServiceInternalValue>0</ServiceInternalValue>
			</Service>
			<Service>
				<ServiceStatus>Service Delivery READY TO PROCEED</ServiceStatus>
				<ServiceSelection>
					<SegmentID>Z9099CDGDXB2017-07-26</SegmentID>
					<ServiceDefinition>
						<Name>Kosher meal</Name>
						<Encoding>
							<Type>
								<Code>MEL</Code>
							</Type>
						</Encoding>
						<Descriptions>
							<Description>
								<Text>Prepared by kosher caterers under rabbinical supervision</Text>
							</Description>
						</Descriptions>
					</ServiceDefinition>
				</ServiceSelection>
				<Provider>
					<PartnerID>Z9</PartnerID>
				</Provider>
				<PassengerRef>SH1</PassengerRef>
				<ServiceType>
					<Type>
						<Code>MEL</Code>
					</Type>
				</ServiceType>
				<ServiceInternalValue>0</ServiceInternalValue>
			</Service>
			<Service>
				<ServiceStatus>Service Delivery READY TO PROCEED</ServiceStatus>
				<ServiceSelection>
					<SegmentID>Z9099CDGDXB2017-07-26</SegmentID>
					<ServiceDefinition>
						<Name>Snack</Name>
						<Encoding>
							<Type>
								<Code>MEL</Code>
							</Type>
						</Encoding>
						<Descriptions>
							<Description>
								<Text>Enjoy a wide selection of complimentary snacks and beverages</Text>
							</Description>
						</Descriptions>
					</ServiceDefinition>
				</ServiceSelection>
				<Provider>
					<PartnerID>Z9</PartnerID>
				</Provider>
				<PassengerRef>SH1</PassengerRef>
				<ServiceType>
					<Type>
						<Code>MEL</Code>
					</Type>
				</ServiceType>
				<ServiceInternalValue>0</ServiceInternalValue>
			</Service>
			<Service>
				<ServiceStatus>Service Delivery READY TO PROCEED</ServiceStatus>
				<ServiceSelection>
					<SegmentID>Z9099CDGDXB2017-07-26</SegmentID>
					<ServiceDefinition>
						<Name>1st Bag</Name>
						<Encoding>
							<Type>
								<Code>BAG</Code>
							</Type>
						</Encoding>
						<Descriptions>
							<Description>
								<Text>Do not get caught out at the airport</Text>
							</Description>
						</Descriptions>
					</ServiceDefinition>
				</ServiceSelection>
				<Provider>
					<PartnerID>Z9</PartnerID>
				</Provider>
				<PassengerRef>SH1</PassengerRef>
				<ServiceType>
					<Type>
						<Code>BAG</Code>
					</Type>
				</ServiceType>
				<ServiceInternalValue>0</ServiceInternalValue>
			</Service>
			<Service>
				<ServiceStatus>Service Delivery READY TO PROCEED</ServiceStatus>
				<ServiceSelection>
					<SegmentID>Z9110LHRCDG2017-07-26</SegmentID>
					<ServiceDefinition>
						<Name>1st Bag</Name>
						<Encoding>
							<Type>
								<Code>BAG</Code>
							</Type>
						</Encoding>
						<Descriptions>
							<Description>
								<Text>Do not get caught out at the airport</Text>
							</Description>
						</Descriptions>
					</ServiceDefinition>
				</ServiceSelection>
				<Provider>
					<PartnerID>Z9</PartnerID>
				</Provider>
				<PassengerRef>SH1</PassengerRef>
				<ServiceType>
					<Type>
						<Code>BAG</Code>
					</Type>
				</ServiceType>
				<ServiceInternalValue>0</ServiceInternalValue>
			</Service>
			<Service>
				<ServiceStatus>Service Delivery READY TO PROCEED</ServiceStatus>
				<ServiceSelection>
					<SegmentID>Z9099CDGDXB2017-07-26</SegmentID>
					<ServiceDefinition>
						<Name>3rd Bag</Name>
						<Encoding>
							<Type>
								<Code>BAG</Code>
							</Type>
						</Encoding>
						<Descriptions>
							<Description>
								<Text>Do not get caught out at the airport</Text>
							</Description>
						</Descriptions>
					</ServiceDefinition>
				</ServiceSelection>
				<Provider>
					<PartnerID>Z9</PartnerID>
				</Provider>
				<PassengerRef>SH1</PassengerRef>
				<ServiceType>
					<Type>
						<Code>BAG</Code>
					</Type>
				</ServiceType>
				<ServiceInternalValue>0</ServiceInternalValue>
			</Service>
			<Service>
				<ServiceStatus>Service Delivery READY TO PROCEED</ServiceStatus>
				<ServiceSelection>
					<SegmentID>Z9110LHRCDG2017-07-26</SegmentID>
					<ServiceDefinition>
						<Name>3rd Bag</Name>
						<Encoding>
							<Type>
								<Code>BAG</Code>
							</Type>
						</Encoding>
						<Descriptions>
							<Description>
								<Text>Do not get caught out at the airport</Text>
							</Description>
						</Descriptions>
					</ServiceDefinition>
				</ServiceSelection>
				<Provider>
					<PartnerID>Z9</PartnerID>
				</Provider>
				<PassengerRef>SH1</PassengerRef>
				<ServiceType>
					<Type>
						<Code>BAG</Code>
					</Type>
				</ServiceType>
				<ServiceInternalValue>0</ServiceInternalValue>
			</Service>
			<Service>
				<ServiceStatus>Service Delivery READY TO PROCEED</ServiceStatus>
				<ServiceSelection>
					<SegmentID>Z9099CDGDXB2017-07-26</SegmentID>
					<ServiceDefinition>
						<Name>Lactose-free meal</Name>
						<Encoding>
							<Type>
								<Code>MEL</Code>
							</Type>
						</Encoding>
						<Descriptions>
							<Description>
								<Text>This meal is for customers who are lactose-intolerant</Text>
							</Description>
						</Descriptions>
					</ServiceDefinition>
				</ServiceSelection>
				<Provider>
					<PartnerID>Z9</PartnerID>
				</Provider>
				<PassengerRef>SH1</PassengerRef>
				<ServiceType>
					<Type>
						<Code>MEL</Code>
					</Type>
				</ServiceType>
				<ServiceInternalValue>0</ServiceInternalValue>
			</Service>
		</OrderItem>
	</Order>
</IATA_OrderSaleInformationNotificationRQ>
