<?xml version="1.0" encoding="UTF-8" standalone="yes"?>
<OrderListRS TimeStamp="2017-04-21T07:20:33.441Z" Version="IATA2017.1" TransactionIdentifier="08d33c08ad23496b8cfe40dc1d1314f6" xmlns="http://www.iata.org/IATA/EDIST/2017.1">
	<Document>
		<Name>ZEUS NDC GATEWAY</Name>
		<ReferenceVersion>20170419_125554</ReferenceVersion>
	</Document>
	<Success/>
	<Response>
		<OrderListProcessing/>
		<Orders>
			<Order>
				<Agency>
					<AgencyID>12312312</AgencyID>
				</Agency>
				<CreationDate>2017-03-31Z</CreationDate>
				<Departure>
					<AirportCode>LHR</AirportCode>
					<Date>2017-07-26Z</Date>
				</Departure>
				<Arrival>
					<AirportCode>CDG</AirportCode>
					<Date>2017-07-26Z</Date>
				</Arrival>
				<Passengers>
					<PassengerReference>SH1</PassengerReference>
				</Passengers>
				<OrderID xsi:type="ns3:string" xmlns:xsi="http://www.w3.org/2001/XMLSchema-instance" xmlns:ns3="http://www.w3.org/2001/XMLSchema">A1234C638</OrderID>
			</Order>
			<Order>
				<Agency>
					<AgencyID>12312312</AgencyID>
				</Agency>
				<CreationDate>2017-04-12Z</CreationDate>
				<Departure>
					<AirportCode>LHR</AirportCode>
					<Date>2017-07-26Z</Date>
				</Departure>
				<Arrival>
					<AirportCode>CDG</AirportCode>
					<Date>2017-07-26Z</Date>
				</Arrival>
				<Passengers>
					<PassengerReference>SH2</PassengerReference>
				</Passengers>
				<OrderID xsi:type="ns3:string" xmlns:xsi="http://www.w3.org/2001/XMLSchema-instance" xmlns:ns3="http://www.w3.org/2001/XMLSchema">A123458X8</OrderID>
			</Order>
			<Order>
				<Agency>
					<AgencyID>12312312</AgencyID>
				</Agency>
				<CreationDate>2017-03-31Z</CreationDate>
				<Departure>
					<AirportCode>LHR</AirportCode>
					<Date>2017-07-26Z</Date>
				</Departure>
				<Arrival>
					<AirportCode>CDG</AirportCode>
					<Date>2017-07-26Z</Date>
				</Arrival>
				<Passengers>
					<PassengerReference>SH3</PassengerReference>
				</Passengers>
				<OrderID xsi:type="ns3:string" xmlns:xsi="http://www.w3.org/2001/XMLSchema-instance" xmlns:ns3="http://www.w3.org/2001/XMLSchema">A1234C658</OrderID>
			</Order>
			<Order>
				<Agency>
					<AgencyID>12312312</AgencyID>
				</Agency>
				<CreationDate>2017-03-31Z</CreationDate>
				<Departure>
					<AirportCode>LHR</AirportCode>
					<Date>2017-07-26Z</Date>
				</Departure>
				<Arrival>
					<AirportCode>CDG</AirportCode>
					<Date>2017-07-26Z</Date>
				</Arrival>
				<Passengers>
					<PassengerReference>SH4</PassengerReference>
				</Passengers>
				<OrderID xsi:type="ns3:string" xmlns:xsi="http://www.w3.org/2001/XMLSchema-instance" xmlns:ns3="http://www.w3.org/2001/XMLSchema">A1234C648</OrderID>
			</Order>
			<Order>
				<Agency>
					<AgencyID>12312312</AgencyID>
				</Agency>
				<CreationDate>2017-03-24Z</CreationDate>
				<Departure>
					<AirportCode>LHR</AirportCode>
					<Date>2017-07-22Z</Date>
				</Departure>
				<Arrival>
					<AirportCode>BCN</AirportCode>
					<Date>2017-07-22Z</Date>
				</Arrival>
				<Passengers>
					<PassengerReference>SH5</PassengerReference>
				</Passengers>
				<OrderID xsi:type="ns3:string" xmlns:xsi="http://www.w3.org/2001/XMLSchema-instance" xmlns:ns3="http://www.w3.org/2001/XMLSchema">A12345818</OrderID>
			</Order>
			<Order>
				<Agency>
					<AgencyID>12312312</AgencyID>
				</Agency>
				<CreationDate>2017-04-12Z</CreationDate>
				<Departure>
					<AirportCode>LHR</AirportCode>
					<Date>2017-07-26Z</Date>
				</Departure>
				<Arrival>
					<AirportCode>CDG</AirportCode>
					<Date>2017-07-26Z</Date>
				</Arrival>
				<Passengers>
					<PassengerReference>SH6 SH7</PassengerReference>
				</Passengers>
				<OrderID xsi:type="ns3:string" xmlns:xsi="http://www.w3.org/2001/XMLSchema-instance" xmlns:ns3="http://www.w3.org/2001/XMLSchema">A123459B8</OrderID>
			</Order>
			<Order>
				<Agency>
					<AgencyID>12312312</AgencyID>
				</Agency>
				<CreationDate>2017-04-12Z</CreationDate>
				<Departure>
					<AirportCode>LHR</AirportCode>
					<Date>2017-07-26Z</Date>
				</Departure>
				<Arrival>
					<AirportCode>CDG</AirportCode>
					<Date>2017-07-26Z</Date>
				</Arrival>
				<Passengers>
					<PassengerReference>SH8 SH9</PassengerReference>
				</Passengers>
				<OrderID xsi:type="ns3:string" xmlns:xsi="http://www.w3.org/2001/XMLSchema-instance" xmlns:ns3="http://www.w3.org/2001/XMLSchema">A123459D8</OrderID>
			</Order>
			<Order>
				<Agency>
					<AgencyID>12312312</AgencyID>
				</Agency>
				<CreationDate>2017-04-04Z</CreationDate>
				<Departure>
					<AirportCode>LHR</AirportCode>
					<Date>2017-07-22Z</Date>
				</Departure>
				<Arrival>
					<AirportCode>BCN</AirportCode>
					<Date>2017-07-22Z</Date>
				</Arrival>
				<Passengers>
					<PassengerReference>SH10</PassengerReference>
				</Passengers>
				<OrderID xsi:type="ns3:string" xmlns:xsi="http://www.w3.org/2001/XMLSchema-instance" xmlns:ns3="http://www.w3.org/2001/XMLSchema">A1234C6H8</OrderID>
			</Order>
			<Order>
				<Agency>
					<AgencyID>12312312</AgencyID>
				</Agency>
				<CreationDate>2017-04-12Z</CreationDate>
				<Departure>
					<AirportCode>LHR</AirportCode>
					<Date>2017-07-26Z</Date>
				</Departure>
				<Arrival>
					<AirportCode>CDG</AirportCode>
					<Date>2017-07-26Z</Date>
				</Arrival>
				<Passengers>
					<PassengerReference>SH11 SH12</PassengerReference>
				</Passengers>
				<OrderID xsi:type="ns3:string" xmlns:xsi="http://www.w3.org/2001/XMLSchema-instance" xmlns:ns3="http://www.w3.org/2001/XMLSchema">A123459C8</OrderID>
			</Order>
			<Order>
				<Agency>
					<AgencyID>12312312</AgencyID>
				</Agency>
				<CreationDate>2017-04-12Z</CreationDate>
				<Departure>
					<AirportCode>LHR</AirportCode>
					<Date>2017-07-26Z</Date>
				</Departure>
				<Arrival>
					<AirportCode>CDG</AirportCode>
					<Date>2017-07-26Z</Date>
				</Arrival>
				<Passengers>
					<PassengerReference>SH13 SH14</PassengerReference>
				</Passengers>
				<OrderID xsi:type="ns3:string" xmlns:xsi="http://www.w3.org/2001/XMLSchema-instance" xmlns:ns3="http://www.w3.org/2001/XMLSchema">A12345978</OrderID>
			</Order>
			<Order>
				<Agency>
					<AgencyID>12312312</AgencyID>
				</Agency>
				<CreationDate>2017-04-12Z</CreationDate>
				<Departure>
					<AirportCode>LHR</AirportCode>
					<Date>2017-07-26Z</Date>
				</Departure>
				<Arrival>
					<AirportCode>CDG</AirportCode>
					<Date>2017-07-26Z</Date>
				</Arrival>
				<Passengers>
					<PassengerReference>SH15 SH16</PassengerReference>
				</Passengers>
				<OrderID xsi:type="ns3:string" xmlns:xsi="http://www.w3.org/2001/XMLSchema-instance" xmlns:ns3="http://www.w3.org/2001/XMLSchema">A123459G8</OrderID>
			</Order>
		</Orders>
		<DataLists>
			<PassengerList>
				<Passenger PassengerID="SH1">
					<Individual>
						<Surname>Jones Mary</Surname>
					</Individual>
				</Passenger>
				<Passenger PassengerID="SH2">
					<Individual>
						<Surname>null null</Surname>
					</Individual>
				</Passenger>
				<Passenger PassengerID="SH3">
					<Individual>
						<Surname>Jones Mary</Surname>
					</Individual>
				</Passenger>
				<Passenger PassengerID="SH4">
					<Individual>
						<Surname>Jones Mary</Surname>
					</Individual>
				</Passenger>
				<Passenger PassengerID="SH5">
					<Individual>
						<Surname>Jones</Surname>
					</Individual>
				</Passenger>
				<Passenger PassengerID="SH6">
					<Individual>
						<Surname>Surname Name</Surname>
					</Individual>
				</Passenger>
				<Passenger PassengerID="SH7">
					<Individual>
						<Surname>Surname1 Name1</Surname>
					</Individual>
				</Passenger>
				<Passenger PassengerID="SH8">
					<Individual>
						<Surname>Surname Name</Surname>
					</Individual>
				</Passenger>
				<Passenger PassengerID="SH9">
					<Individual>
						<Surname>Surname1 Name1</Surname>
					</Individual>
				</Passenger>
				<Passenger PassengerID="SH10">
					<Individual>
						<Surname>Jones Mary</Surname>
					</Individual>
				</Passenger>
				<Passenger PassengerID="SH11">
					<Individual>
						<Surname>Surname Name</Surname>
					</Individual>
				</Passenger>
				<Passenger PassengerID="SH12">
					<Individual>
						<Surname>Surname1 Name1</Surname>
					</Individual>
				</Passenger>
				<Passenger PassengerID="SH13">
					<Individual>
						<Surname>Surname Name</Surname>
					</Individual>
				</Passenger>
				<Passenger PassengerID="SH14">
					<Individual>
						<Surname>Surname1 Name1</Surname>
					</Individual>
				</Passenger>
				<Passenger PassengerID="SH15">
					<Individual>
						<Surname>Surname Name</Surname>
					</Individual>
				</Passenger>
				<Passenger PassengerID="SH16">
					<Individual>
						<Surname>Surname1 Name1</Surname>
					</Individual>
				</Passenger>
			</PassengerList>
		</DataLists>
	</Response>
</OrderListRS>
