<?xml version="1.0" encoding="UTF-8" standalone="yes"?>
<IATA_ServiceDeliveryRS Version="IATA2017.1" xmlns="http://www.iata.org/IATA/EDIST/2017.1">
	<Order OrderID="A123459T8" Owner="Z9">
		<OrderItem OrderItemID="ORDERITEM1" Owner="Z9">
			<Service ServiceID="SV1023_AL2_2_SH1">
				<ServiceSelection>
					<ServiceDefinition ServiceDefinitionID="SV_1023">
						<Name>1st Bag</Name>
						<Descriptions>
							<Description/>
						</Descriptions>
					</ServiceDefinition>
				</ServiceSelection>
				<OfferValidDates>
					<Start Timestamp="2017-04-21T07:49:42.923Z"/>
					<End Timestamp="2017-07-26T00:00:00.000Z"/>
				</OfferValidDates>
				<PartnerID>sampleId</PartnerID>
				<ServiceSettlementValue>
					<Method>
						<Code>000</Code>
					</Method>
				</ServiceSettlementValue>
			</Service>
			<Service ServiceID="SV1023_AL2_1_SH2">
				<ServiceSelection>
					<ServiceDefinition ServiceDefinitionID="SV_1023">
						<Name>1st Bag</Name>
						<Descriptions>
							<Description/>
						</Descriptions>
					</ServiceDefinition>
				</ServiceSelection>
				<OfferValidDates>
					<Start Timestamp="2017-04-21T07:49:42.923Z"/>
					<End Timestamp="2017-07-26T00:00:00.000Z"/>
				</OfferValidDates>
				<PartnerID>sampleId</PartnerID>
				<ServiceSettlementValue>
					<Method>
						<Code>000</Code>
					</Method>
				</ServiceSettlementValue>
			</Service>
		</OrderItem>
		<OrderItem OrderItemID="ORDERITEM2" Owner="Z9">
			<Service ServiceID="SV1023_AL2_4_SH1">
				<ServiceSelection>
					<ServiceDefinition ServiceDefinitionID="SV_1023">
						<Name>1st Bag</Name>
						<Descriptions>
							<Description/>
						</Descriptions>
					</ServiceDefinition>
				</ServiceSelection>
				<OfferValidDates>
					<Start Timestamp="2017-04-21T07:49:42.923Z"/>
					<End Timestamp="2017-07-26T00:00:00.000Z"/>
				</OfferValidDates>
				<PartnerID>sampleId</PartnerID>
				<ServiceSettlementValue>
					<Method>
						<Code>000</Code>
					</Method>
				</ServiceSettlementValue>
			</Service>
			<Service ServiceID="SV1023_AL2_3_SH2">
				<ServiceSelection>
					<ServiceDefinition ServiceDefinitionID="SV_1023">
						<Name>1st Bag</Name>
						<Descriptions>
							<Description/>
						</Descriptions>
					</ServiceDefinition>
				</ServiceSelection>
				<OfferValidDates>
					<Start Timestamp="2017-04-21T07:49:42.923Z"/>
					<End Timestamp="2017-07-26T00:00:00.000Z"/>
				</OfferValidDates>
				<PartnerID>sampleId</PartnerID>
				<ServiceSettlementValue>
					<Method>
						<Code>000</Code>
					</Method>
				</ServiceSettlementValue>
			</Service>
		</OrderItem>
		<OrderItem OrderItemID="ORDERITEM3" Owner="Z9">
			<Service ServiceID="SV1_1_SV_1010_ERO_SH2_8_SH2">
				<ServiceSelection>
					<ServiceDefinition ServiceDefinitionID="SV_1010">
						<Name>2nd Bag</Name>
						<Descriptions>
							<Description/>
						</Descriptions>
					</ServiceDefinition>
				</ServiceSelection>
				<OfferValidDates>
					<Start Timestamp="2017-04-21T07:49:42.923Z"/>
					<End Timestamp="2017-07-26T00:00:00.000Z"/>
				</OfferValidDates>
				<PartnerID>sampleId</PartnerID>
				<ServiceSettlementValue>
					<Method>
						<Code>000</Code>
					</Method>
				</ServiceSettlementValue>
			</Service>
			<Service ServiceID="SV1_1_SV_1023_ERO_SH2_21_SH2">
				<ServiceSelection>
					<ServiceDefinition ServiceDefinitionID="SV_1023">
						<Name>1st Bag</Name>
						<Descriptions>
							<Description/>
						</Descriptions>
					</ServiceDefinition>
				</ServiceSelection>
				<OfferValidDates>
					<Start Timestamp="2017-04-21T07:49:42.923Z"/>
					<End Timestamp="2017-07-26T00:00:00.000Z"/>
				</OfferValidDates>
				<PartnerID>sampleId</PartnerID>
				<ServiceSettlementValue>
					<Method>
						<Code>000</Code>
					</Method>
				</ServiceSettlementValue>
			</Service>
			<Service ServiceID="SV1_1_SV_1024_ERO_SH2_24_SH2">
				<ServiceSelection>
					<ServiceDefinition ServiceDefinitionID="SV_1024">
						<Name>3rd Bag</Name>
						<Descriptions>
							<Description/>
						</Descriptions>
					</ServiceDefinition>
				</ServiceSelection>
				<OfferValidDates>
					<Start Timestamp="2017-04-21T07:49:42.923Z"/>
					<End Timestamp="2017-07-26T00:00:00.000Z"/>
				</OfferValidDates>
				<PartnerID>sampleId</PartnerID>
				<ServiceSettlementValue>
					<Method>
						<Code>000</Code>
					</Method>
				</ServiceSettlementValue>
			</Service>
			<Service ServiceID="SV1_1_SV_1023_ERO_SH2_22_SH2">
				<ServiceSelection>
					<ServiceDefinition ServiceDefinitionID="SV_1023">
						<Name>1st Bag</Name>
						<Descriptions>
							<Description/>
						</Descriptions>
					</ServiceDefinition>
				</ServiceSelection>
				<OfferValidDates>
					<Start Timestamp="2017-04-21T07:49:42.923Z"/>
					<End Timestamp="2017-07-26T00:00:00.000Z"/>
				</OfferValidDates>
				<PartnerID>sampleId</PartnerID>
				<ServiceSettlementValue>
					<Method>
						<Code>000</Code>
					</Method>
				</ServiceSettlementValue>
			</Service>
			<Service ServiceID="SV1_1_SV_1024_ERO_SH2_23_SH2">
				<ServiceSelection>
					<ServiceDefinition ServiceDefinitionID="SV_1024">
						<Name>3rd Bag</Name>
						<Descriptions>
							<Description/>
						</Descriptions>
					</ServiceDefinition>
				</ServiceSelection>
				<OfferValidDates>
					<Start Timestamp="2017-04-21T07:49:42.923Z"/>
					<End Timestamp="2017-07-26T00:00:00.000Z"/>
				</OfferValidDates>
				<PartnerID>sampleId</PartnerID>
				<ServiceSettlementValue>
					<Method>
						<Code>000</Code>
					</Method>
				</ServiceSettlementValue>
			</Service>
		</OrderItem>
		<OrderItem OrderItemID="ORDERITEM4" Owner="Z9">
			<Service ServiceID="SV1_2_SV_1010_ERO_SH1_29_SH1">
				<ServiceSelection>
					<ServiceDefinition ServiceDefinitionID="SV_1010">
						<Name>2nd Bag</Name>
						<Descriptions>
							<Description/>
						</Descriptions>
					</ServiceDefinition>
				</ServiceSelection>
				<OfferValidDates>
					<Start Timestamp="2017-04-21T07:49:42.923Z"/>
					<End Timestamp="2017-07-26T00:00:00.000Z"/>
				</OfferValidDates>
				<PartnerID>sampleId</PartnerID>
				<ServiceSettlementValue>
					<Method>
						<Code>000</Code>
					</Method>
				</ServiceSettlementValue>
			</Service>
			<Service ServiceID="SV1_2_SV_1023_ERO_SH1_43_SH1">
				<ServiceSelection>
					<ServiceDefinition ServiceDefinitionID="SV_1023">
						<Name>1st Bag</Name>
						<Descriptions>
							<Description/>
						</Descriptions>
					</ServiceDefinition>
				</ServiceSelection>
				<OfferValidDates>
					<Start Timestamp="2017-04-21T07:49:42.923Z"/>
					<End Timestamp="2017-07-26T00:00:00.000Z"/>
				</OfferValidDates>
				<PartnerID>sampleId</PartnerID>
				<ServiceSettlementValue>
					<Method>
						<Code>000</Code>
					</Method>
				</ServiceSettlementValue>
			</Service>
			<Service ServiceID="SV1_2_SV_1024_ERO_SH1_44_SH1">
				<ServiceSelection>
					<ServiceDefinition ServiceDefinitionID="SV_1024">
						<Name>3rd Bag</Name>
						<Descriptions>
							<Description/>
						</Descriptions>
					</ServiceDefinition>
				</ServiceSelection>
				<OfferValidDates>
					<Start Timestamp="2017-04-21T07:49:42.923Z"/>
					<End Timestamp="2017-07-26T00:00:00.000Z"/>
				</OfferValidDates>
				<PartnerID>sampleId</PartnerID>
				<ServiceSettlementValue>
					<Method>
						<Code>000</Code>
					</Method>
				</ServiceSettlementValue>
			</Service>
			<Service ServiceID="SV1_2_SV_1023_ERO_SH1_42_SH1">
				<ServiceSelection>
					<ServiceDefinition ServiceDefinitionID="SV_1023">
						<Name>1st Bag</Name>
						<Descriptions>
							<Description/>
						</Descriptions>
					</ServiceDefinition>
				</ServiceSelection>
				<OfferValidDates>
					<Start Timestamp="2017-04-21T07:49:42.923Z"/>
					<End Timestamp="2017-07-26T00:00:00.000Z"/>
				</OfferValidDates>
				<PartnerID>sampleId</PartnerID>
				<ServiceSettlementValue>
					<Method>
						<Code>000</Code>
					</Method>
				</ServiceSettlementValue>
			</Service>
			<Service ServiceID="SV1_2_SV_1024_ERO_SH1_45_SH1">
				<ServiceSelection>
					<ServiceDefinition ServiceDefinitionID="SV_1024">
						<Name>3rd Bag</Name>
						<Descriptions>
							<Description/>
						</Descriptions>
					</ServiceDefinition>
				</ServiceSelection>
				<OfferValidDates>
					<Start Timestamp="2017-04-21T07:49:42.923Z"/>
					<End Timestamp="2017-07-26T00:00:00.000Z"/>
				</OfferValidDates>
				<PartnerID>sampleId</PartnerID>
				<ServiceSettlementValue>
					<Method>
						<Code>000</Code>
					</Method>
				</ServiceSettlementValue>
			</Service>
		</OrderItem>
	</Order>
</IATA_ServiceDeliveryRS>
