<?xml version="1.0" encoding="UTF-8" standalone="yes"?>
<IATA_ServiceDeliveryRS Version="IATA2017.1" xmlns="http://www.iata.org/IATA/EDIST/2017.1">
	<Order OrderID="A123459R8" Owner="Z9">
		<OrderItem OrderItemID="ORDERITEM5" Owner="Z9">
			<Service ServiceID="SV1_1_SV_1023_ERR_SH2_58_SH2">
				<ServiceSelection>
					<ServiceDefinition ServiceDefinitionID="SV_1023">
						<Name>1st Bag</Name>
						<Descriptions>
							<Description/>
						</Descriptions>
					</ServiceDefinition>
				</ServiceSelection>
				<OfferValidDates>
					<Start Timestamp="2017-04-21T07:24:18.596Z"/>
					<End Timestamp="2017-07-26T00:00:00.000Z"/>
				</OfferValidDates>
				<PartnerID>sampleId</PartnerID>
				<ServiceSettlementValue>
					<Method>
						<Code>000</Code>
					</Method>
				</ServiceSettlementValue>
			</Service>
			<Service ServiceID="SV1_1_SV_1024_ERR_SH2_60_SH2">
				<ServiceSelection>
					<ServiceDefinition ServiceDefinitionID="SV_1024">
						<Name>3rd Bag</Name>
						<Descriptions>
							<Description/>
						</Descriptions>
					</ServiceDefinition>
				</ServiceSelection>
				<OfferValidDates>
					<Start Timestamp="2017-04-21T07:24:18.596Z"/>
					<End Timestamp="2017-07-26T00:00:00.000Z"/>
				</OfferValidDates>
				<PartnerID>sampleId</PartnerID>
				<ServiceSettlementValue>
					<Method>
						<Code>000</Code>
					</Method>
				</ServiceSettlementValue>
			</Service>
		</OrderItem>
		<OrderItem OrderItemID="ORDERITEM6" Owner="Z9">
			<Service ServiceID="SV1_2_SV_1024_ERR_SH1_81_SH1">
				<ServiceSelection>
					<ServiceDefinition ServiceDefinitionID="SV_1024">
						<Name>3rd Bag</Name>
						<Descriptions>
							<Description/>
						</Descriptions>
					</ServiceDefinition>
				</ServiceSelection>
				<OfferValidDates>
					<Start Timestamp="2017-04-21T07:24:18.596Z"/>
					<End Timestamp="2017-07-26T00:00:00.000Z"/>
				</OfferValidDates>
				<PartnerID>sampleId</PartnerID>
				<ServiceSettlementValue>
					<Method>
						<Code>000</Code>
					</Method>
				</ServiceSettlementValue>
			</Service>
			<Service ServiceID="SV1_2_SV_1023_ERR_SH1_79_SH1">
				<ServiceSelection>
					<ServiceDefinition ServiceDefinitionID="SV_1023">
						<Name>1st Bag</Name>
						<Descriptions>
							<Description/>
						</Descriptions>
					</ServiceDefinition>
				</ServiceSelection>
				<OfferValidDates>
					<Start Timestamp="2017-04-21T07:24:18.596Z"/>
					<End Timestamp="2017-07-26T00:00:00.000Z"/>
				</OfferValidDates>
				<PartnerID>sampleId</PartnerID>
				<ServiceSettlementValue>
					<Method>
						<Code>000</Code>
					</Method>
				</ServiceSettlementValue>
			</Service>
		</OrderItem>
		<OrderItem OrderItemID="ORDERITEM3" Owner="Z9">
			<Service ServiceID="SV1023_AL1_37_SH2">
				<ServiceSelection>
					<ServiceDefinition ServiceDefinitionID="SV_1023">
						<Name>1st Bag</Name>
						<Descriptions>
							<Description/>
						</Descriptions>
					</ServiceDefinition>
				</ServiceSelection>
				<OfferValidDates>
					<Start Timestamp="2017-04-21T07:24:18.596Z"/>
					<End Timestamp="2017-07-26T00:00:00.000Z"/>
				</OfferValidDates>
				<PartnerID>sampleId</PartnerID>
				<ServiceSettlementValue>
					<Method>
						<Code>000</Code>
					</Method>
				</ServiceSettlementValue>
			</Service>
			<Service ServiceID="SV1023_AL1_38_SH1">
				<ServiceSelection>
					<ServiceDefinition ServiceDefinitionID="SV_1023">
						<Name>1st Bag</Name>
						<Descriptions>
							<Description/>
						</Descriptions>
					</ServiceDefinition>
				</ServiceSelection>
				<OfferValidDates>
					<Start Timestamp="2017-04-21T07:24:18.596Z"/>
					<End Timestamp="2017-07-26T00:00:00.000Z"/>
				</OfferValidDates>
				<PartnerID>sampleId</PartnerID>
				<ServiceSettlementValue>
					<Method>
						<Code>000</Code>
					</Method>
				</ServiceSettlementValue>
			</Service>
		</OrderItem>
	</Order>
	<Order OrderID="A1234C818" Owner="Z9">
		<OrderItem OrderItemID="ORDERITEM5" Owner="Z9">
			<Service ServiceID="SV1_1_SV_1024_ERR_SH2_80_SH2">
				<ServiceSelection>
					<ServiceDefinition ServiceDefinitionID="SV_1024">
						<Name>3rd Bag</Name>
						<Descriptions>
							<Description/>
						</Descriptions>
					</ServiceDefinition>
				</ServiceSelection>
				<OfferValidDates>
					<Start Timestamp="2017-04-19T07:59:16.164Z"/>
					<End Timestamp="2017-07-26T00:00:00.000Z"/>
				</OfferValidDates>
				<PartnerID>sampleId</PartnerID>
				<ServiceSettlementValue>
					<Method>
						<Code>000</Code>
					</Method>
				</ServiceSettlementValue>
			</Service>
			<Service ServiceID="SV1_1_SV_1023_ERR_SH2_78_SH2">
				<ServiceSelection>
					<ServiceDefinition ServiceDefinitionID="SV_1023">
						<Name>1st Bag</Name>
						<Descriptions>
							<Description/>
						</Descriptions>
					</ServiceDefinition>
				</ServiceSelection>
				<OfferValidDates>
					<Start Timestamp="2017-04-19T07:59:16.164Z"/>
					<End Timestamp="2017-07-26T00:00:00.000Z"/>
				</OfferValidDates>
				<PartnerID>sampleId</PartnerID>
				<ServiceSettlementValue>
					<Method>
						<Code>000</Code>
					</Method>
				</ServiceSettlementValue>
			</Service>
		</OrderItem>
		<OrderItem OrderItemID="ORDERITEM6" Owner="Z9">
			<Service ServiceID="SV1_2_SV_1023_ERR_SH1_99_SH1">
				<ServiceSelection>
					<ServiceDefinition ServiceDefinitionID="SV_1023">
						<Name>1st Bag</Name>
						<Descriptions>
							<Description/>
						</Descriptions>
					</ServiceDefinition>
				</ServiceSelection>
				<OfferValidDates>
					<Start Timestamp="2017-04-19T07:59:16.164Z"/>
					<End Timestamp="2017-07-26T00:00:00.000Z"/>
				</OfferValidDates>
				<PartnerID>sampleId</PartnerID>
				<ServiceSettlementValue>
					<Method>
						<Code>000</Code>
					</Method>
				</ServiceSettlementValue>
			</Service>
			<Service ServiceID="SV1_2_SV_1024_ERR_SH1_101_SH1">
				<ServiceSelection>
					<ServiceDefinition ServiceDefinitionID="SV_1024">
						<Name>3rd Bag</Name>
						<Descriptions>
							<Description/>
						</Descriptions>
					</ServiceDefinition>
				</ServiceSelection>
				<OfferValidDates>
					<Start Timestamp="2017-04-19T07:59:16.164Z"/>
					<End Timestamp="2017-07-26T00:00:00.000Z"/>
				</OfferValidDates>
				<PartnerID>sampleId</PartnerID>
				<ServiceSettlementValue>
					<Method>
						<Code>000</Code>
					</Method>
				</ServiceSettlementValue>
			</Service>
		</OrderItem>
		<OrderItem OrderItemID="ORDERITEM3" Owner="Z9">
			<Service ServiceID="SV1023_AL1_58_SH1">
				<ServiceSelection>
					<ServiceDefinition ServiceDefinitionID="SV_1023">
						<Name>1st Bag</Name>
						<Descriptions>
							<Description/>
						</Descriptions>
					</ServiceDefinition>
				</ServiceSelection>
				<OfferValidDates>
					<Start Timestamp="2017-04-19T07:59:16.164Z"/>
					<End Timestamp="2017-07-26T00:00:00.000Z"/>
				</OfferValidDates>
				<PartnerID>sampleId</PartnerID>
				<ServiceSettlementValue>
					<Method>
						<Code>000</Code>
					</Method>
				</ServiceSettlementValue>
			</Service>
			<Service ServiceID="SV1023_AL1_57_SH2">
				<ServiceSelection>
					<ServiceDefinition ServiceDefinitionID="SV_1023">
						<Name>1st Bag</Name>
						<Descriptions>
							<Description/>
						</Descriptions>
					</ServiceDefinition>
				</ServiceSelection>
				<OfferValidDates>
					<Start Timestamp="2017-04-19T07:59:16.164Z"/>
					<End Timestamp="2017-07-26T00:00:00.000Z"/>
				</OfferValidDates>
				<PartnerID>sampleId</PartnerID>
				<ServiceSettlementValue>
					<Method>
						<Code>000</Code>
					</Method>
				</ServiceSettlementValue>
			</Service>
		</OrderItem>
	</Order>
	<Order OrderID="A123459S8" Owner="Z9">
		<OrderItem OrderItemID="ORDERITEM1" Owner="Z9">
			<Service ServiceID="SV1023_AL2_2_SH1">
				<ServiceSelection>
					<ServiceDefinition ServiceDefinitionID="SV_1023">
						<Name>1st Bag</Name>
						<Descriptions>
							<Description/>
						</Descriptions>
					</ServiceDefinition>
				</ServiceSelection>
				<OfferValidDates>
					<Start Timestamp="2017-04-21T07:25:01.386Z"/>
					<End Timestamp="2017-07-26T00:00:00.000Z"/>
				</OfferValidDates>
				<PartnerID>sampleId</PartnerID>
				<ServiceSettlementValue>
					<Method>
						<Code>000</Code>
					</Method>
				</ServiceSettlementValue>
			</Service>
			<Service ServiceID="SV1023_AL2_1_SH2">
				<ServiceSelection>
					<ServiceDefinition ServiceDefinitionID="SV_1023">
						<Name>1st Bag</Name>
						<Descriptions>
							<Description/>
						</Descriptions>
					</ServiceDefinition>
				</ServiceSelection>
				<OfferValidDates>
					<Start Timestamp="2017-04-21T07:25:01.386Z"/>
					<End Timestamp="2017-07-26T00:00:00.000Z"/>
				</OfferValidDates>
				<PartnerID>sampleId</PartnerID>
				<ServiceSettlementValue>
					<Method>
						<Code>000</Code>
					</Method>
				</ServiceSettlementValue>
			</Service>
		</OrderItem>
		<OrderItem OrderItemID="ORDERITEM3" Owner="Z9">
			<Service ServiceID="SV1_1_SV_1024_ERO_SH2_24_SH2">
				<ServiceSelection>
					<ServiceDefinition ServiceDefinitionID="SV_1024">
						<Name>3rd Bag</Name>
						<Descriptions>
							<Description/>
						</Descriptions>
					</ServiceDefinition>
				</ServiceSelection>
				<OfferValidDates>
					<Start Timestamp="2017-04-21T07:25:01.386Z"/>
					<End Timestamp="2017-07-26T00:00:00.000Z"/>
				</OfferValidDates>
				<PartnerID>sampleId</PartnerID>
				<ServiceSettlementValue>
					<Method>
						<Code>000</Code>
					</Method>
				</ServiceSettlementValue>
			</Service>
			<Service ServiceID="SV1_1_SV_1023_ERO_SH2_22_SH2">
				<ServiceSelection>
					<ServiceDefinition ServiceDefinitionID="SV_1023">
						<Name>1st Bag</Name>
						<Descriptions>
							<Description/>
						</Descriptions>
					</ServiceDefinition>
				</ServiceSelection>
				<OfferValidDates>
					<Start Timestamp="2017-04-21T07:25:01.386Z"/>
					<End Timestamp="2017-07-26T00:00:00.000Z"/>
				</OfferValidDates>
				<PartnerID>sampleId</PartnerID>
				<ServiceSettlementValue>
					<Method>
						<Code>000</Code>
					</Method>
				</ServiceSettlementValue>
			</Service>
		</OrderItem>
		<OrderItem OrderItemID="ORDERITEM4" Owner="Z9">
			<Service ServiceID="SV1_2_SV_1023_ERO_SH1_43_SH1">
				<ServiceSelection>
					<ServiceDefinition ServiceDefinitionID="SV_1023">
						<Name>1st Bag</Name>
						<Descriptions>
							<Description/>
						</Descriptions>
					</ServiceDefinition>
				</ServiceSelection>
				<OfferValidDates>
					<Start Timestamp="2017-04-21T07:25:01.386Z"/>
					<End Timestamp="2017-07-26T00:00:00.000Z"/>
				</OfferValidDates>
				<PartnerID>sampleId</PartnerID>
				<ServiceSettlementValue>
					<Method>
						<Code>000</Code>
					</Method>
				</ServiceSettlementValue>
			</Service>
			<Service ServiceID="SV1_2_SV_1024_ERO_SH1_45_SH1">
				<ServiceSelection>
					<ServiceDefinition ServiceDefinitionID="SV_1024">
						<Name>3rd Bag</Name>
						<Descriptions>
							<Description/>
						</Descriptions>
					</ServiceDefinition>
				</ServiceSelection>
				<OfferValidDates>
					<Start Timestamp="2017-04-21T07:25:01.386Z"/>
					<End Timestamp="2017-07-26T00:00:00.000Z"/>
				</OfferValidDates>
				<PartnerID>sampleId</PartnerID>
				<ServiceSettlementValue>
					<Method>
						<Code>000</Code>
					</Method>
				</ServiceSettlementValue>
			</Service>
		</OrderItem>
	</Order>
	<Order OrderID="A123458J8" Owner="Z9">
		<OrderItem OrderItemID="ORDERITEM1" Owner="Z9">
			<Service ServiceID="SV1_1_SV_1023_ALL_SH2_16_SH2">
				<ServiceSelection>
					<ServiceDefinition ServiceDefinitionID="SV_1023">
						<Name>1st Bag</Name>
						<Descriptions>
							<Description/>
						</Descriptions>
					</ServiceDefinition>
				</ServiceSelection>
				<OfferValidDates>
					<Start Timestamp="2017-04-07T13:48:55.186Z"/>
					<End Timestamp="2017-07-26T00:00:00.000Z"/>
				</OfferValidDates>
				<PartnerID>sampleId</PartnerID>
				<ServiceSettlementValue>
					<Method>
						<Code>000</Code>
					</Method>
				</ServiceSettlementValue>
			</Service>
			<Service ServiceID="SV1_1_SV_1024_ALL_SH2_18_SH2">
				<ServiceSelection>
					<ServiceDefinition ServiceDefinitionID="SV_1024">
						<Name>3rd Bag</Name>
						<Descriptions>
							<Description/>
						</Descriptions>
					</ServiceDefinition>
				</ServiceSelection>
				<OfferValidDates>
					<Start Timestamp="2017-04-07T13:48:55.186Z"/>
					<End Timestamp="2017-07-26T00:00:00.000Z"/>
				</OfferValidDates>
				<PartnerID>sampleId</PartnerID>
				<ServiceSettlementValue>
					<Method>
						<Code>000</Code>
					</Method>
				</ServiceSettlementValue>
			</Service>
		</OrderItem>
		<OrderItem OrderItemID="ORDERITEM2" Owner="Z9">
			<Service ServiceID="SV1_2_SV_1023_ALL_SH1_35_SH1">
				<ServiceSelection>
					<ServiceDefinition ServiceDefinitionID="SV_1023">
						<Name>1st Bag</Name>
						<Descriptions>
							<Description/>
						</Descriptions>
					</ServiceDefinition>
				</ServiceSelection>
				<OfferValidDates>
					<Start Timestamp="2017-04-07T13:48:55.186Z"/>
					<End Timestamp="2017-07-26T00:00:00.000Z"/>
				</OfferValidDates>
				<PartnerID>sampleId</PartnerID>
				<ServiceSettlementValue>
					<Method>
						<Code>000</Code>
					</Method>
				</ServiceSettlementValue>
			</Service>
			<Service ServiceID="SV1_2_SV_1024_ALL_SH1_37_SH1">
				<ServiceSelection>
					<ServiceDefinition ServiceDefinitionID="SV_1024">
						<Name>3rd Bag</Name>
						<Descriptions>
							<Description/>
						</Descriptions>
					</ServiceDefinition>
				</ServiceSelection>
				<OfferValidDates>
					<Start Timestamp="2017-04-07T13:48:55.186Z"/>
					<End Timestamp="2017-07-26T00:00:00.000Z"/>
				</OfferValidDates>
				<PartnerID>sampleId</PartnerID>
				<ServiceSettlementValue>
					<Method>
						<Code>000</Code>
					</Method>
				</ServiceSettlementValue>
			</Service>
		</OrderItem>
	</Order>
	<Order OrderID="A123458X8" Owner="Z9">
		<OrderItem OrderItemID="ORDERITEM5" Owner="Z9">
			<Service ServiceID="SV1_2_SV_1023_ERO_SH1_97_SH1">
				<ServiceSelection>
					<ServiceDefinition ServiceDefinitionID="SV_1023">
						<Name>1st Bag</Name>
						<Descriptions>
							<Description/>
						</Descriptions>
					</ServiceDefinition>
				</ServiceSelection>
				<OfferValidDates>
					<Start Timestamp="2017-04-12T07:20:18.560Z"/>
					<End Timestamp="2017-07-26T00:00:00.000Z"/>
				</OfferValidDates>
				<PartnerID>sampleId</PartnerID>
				<ServiceSettlementValue>
					<Method>
						<Code>000</Code>
					</Method>
				</ServiceSettlementValue>
			</Service>
			<Service ServiceID="SV1_2_SV_1024_ERO_SH1_99_SH1">
				<ServiceSelection>
					<ServiceDefinition ServiceDefinitionID="SV_1024">
						<Name>3rd Bag</Name>
						<Descriptions>
							<Description/>
						</Descriptions>
					</ServiceDefinition>
				</ServiceSelection>
				<OfferValidDates>
					<Start Timestamp="2017-04-12T07:20:18.560Z"/>
					<End Timestamp="2017-07-26T00:00:00.000Z"/>
				</OfferValidDates>
				<PartnerID>sampleId</PartnerID>
				<ServiceSettlementValue>
					<Method>
						<Code>000</Code>
					</Method>
				</ServiceSettlementValue>
			</Service>
		</OrderItem>
		<OrderItem OrderItemID="ORDERITEM4" Owner="Z9">
			<Service ServiceID="SV1_1_SV_1024_ERO_SH2_78_SH2">
				<ServiceSelection>
					<ServiceDefinition ServiceDefinitionID="SV_1024">
						<Name>3rd Bag</Name>
						<Descriptions>
							<Description/>
						</Descriptions>
					</ServiceDefinition>
				</ServiceSelection>
				<OfferValidDates>
					<Start Timestamp="2017-04-12T07:20:18.560Z"/>
					<End Timestamp="2017-07-26T00:00:00.000Z"/>
				</OfferValidDates>
				<PartnerID>sampleId</PartnerID>
				<ServiceSettlementValue>
					<Method>
						<Code>000</Code>
					</Method>
				</ServiceSettlementValue>
			</Service>
			<Service ServiceID="SV1_1_SV_1023_ERO_SH2_76_SH2">
				<ServiceSelection>
					<ServiceDefinition ServiceDefinitionID="SV_1023">
						<Name>1st Bag</Name>
						<Descriptions>
							<Description/>
						</Descriptions>
					</ServiceDefinition>
				</ServiceSelection>
				<OfferValidDates>
					<Start Timestamp="2017-04-12T07:20:18.560Z"/>
					<End Timestamp="2017-07-26T00:00:00.000Z"/>
				</OfferValidDates>
				<PartnerID>sampleId</PartnerID>
				<ServiceSettlementValue>
					<Method>
						<Code>000</Code>
					</Method>
				</ServiceSettlementValue>
			</Service>
		</OrderItem>
	</Order>
	<Order OrderID="A1234C658" Owner="Z9">
		<OrderItem OrderItemID="ORDERITEM1" Owner="Z9">
			<Service ServiceID="SV1_1_SV_1024_ERR_SH2_20_SH1">
				<ServiceSelection>
					<ServiceDefinition ServiceDefinitionID="SV_1024">
						<Name>3rd Bag</Name>
						<Descriptions>
							<Description/>
						</Descriptions>
					</ServiceDefinition>
				</ServiceSelection>
				<OfferValidDates>
					<Start Timestamp="2017-03-31T14:47:39.270Z"/>
					<End Timestamp="2017-07-26T00:00:00.000Z"/>
				</OfferValidDates>
				<PartnerID>sampleId</PartnerID>
				<ServiceSettlementValue>
					<Method>
						<Code>000</Code>
					</Method>
				</ServiceSettlementValue>
			</Service>
			<Service ServiceID="SV1_1_SV_1023_ERR_SH2_18_SH1">
				<ServiceSelection>
					<ServiceDefinition ServiceDefinitionID="SV_1023">
						<Name>1st Bag</Name>
						<Descriptions>
							<Description/>
						</Descriptions>
					</ServiceDefinition>
				</ServiceSelection>
				<OfferValidDates>
					<Start Timestamp="2017-03-31T14:47:39.270Z"/>
					<End Timestamp="2017-07-26T00:00:00.000Z"/>
				</OfferValidDates>
				<PartnerID>sampleId</PartnerID>
				<ServiceSettlementValue>
					<Method>
						<Code>000</Code>
					</Method>
				</ServiceSettlementValue>
			</Service>
		</OrderItem>
		<OrderItem OrderItemID="ORDERITEM2" Owner="Z9">
			<Service ServiceID="SV1_2_SV_1024_ERR_SH1_41_SH1">
				<ServiceSelection>
					<ServiceDefinition ServiceDefinitionID="SV_1024">
						<Name>3rd Bag</Name>
						<Descriptions>
							<Description/>
						</Descriptions>
					</ServiceDefinition>
				</ServiceSelection>
				<OfferValidDates>
					<Start Timestamp="2017-03-31T14:47:39.270Z"/>
					<End Timestamp="2017-07-26T00:00:00.000Z"/>
				</OfferValidDates>
				<PartnerID>sampleId</PartnerID>
				<ServiceSettlementValue>
					<Method>
						<Code>000</Code>
					</Method>
				</ServiceSettlementValue>
			</Service>
			<Service ServiceID="SV1_2_SV_1023_ERR_SH1_39_SH1">
				<ServiceSelection>
					<ServiceDefinition ServiceDefinitionID="SV_1023">
						<Name>1st Bag</Name>
						<Descriptions>
							<Description/>
						</Descriptions>
					</ServiceDefinition>
				</ServiceSelection>
				<OfferValidDates>
					<Start Timestamp="2017-03-31T14:47:39.270Z"/>
					<End Timestamp="2017-07-26T00:00:00.000Z"/>
				</OfferValidDates>
				<PartnerID>sampleId</PartnerID>
				<ServiceSettlementValue>
					<Method>
						<Code>000</Code>
					</Method>
				</ServiceSettlementValue>
			</Service>
		</OrderItem>
	</Order>
	<Order OrderID="A1234C628" Owner="Z9">
		<OrderItem OrderItemID="ORDERITEM1" Owner="Z9">
			<Service ServiceID="SV1_1_SV_1024_ERR_SH2_20_SH2">
				<ServiceSelection>
					<ServiceDefinition ServiceDefinitionID="SV_1024">
						<Name>3rd Bag</Name>
						<Descriptions>
							<Description/>
						</Descriptions>
					</ServiceDefinition>
				</ServiceSelection>
				<OfferValidDates>
					<Start Timestamp="2017-03-31T14:33:26.854Z"/>
					<End Timestamp="2017-07-26T00:00:00.000Z"/>
				</OfferValidDates>
				<PartnerID>sampleId</PartnerID>
				<ServiceSettlementValue>
					<Method>
						<Code>000</Code>
					</Method>
				</ServiceSettlementValue>
			</Service>
			<Service ServiceID="SV1_1_SV_1023_ERR_SH2_18_SH2">
				<ServiceSelection>
					<ServiceDefinition ServiceDefinitionID="SV_1023">
						<Name>1st Bag</Name>
						<Descriptions>
							<Description/>
						</Descriptions>
					</ServiceDefinition>
				</ServiceSelection>
				<OfferValidDates>
					<Start Timestamp="2017-03-31T14:33:26.854Z"/>
					<End Timestamp="2017-07-26T00:00:00.000Z"/>
				</OfferValidDates>
				<PartnerID>sampleId</PartnerID>
				<ServiceSettlementValue>
					<Method>
						<Code>000</Code>
					</Method>
				</ServiceSettlementValue>
			</Service>
		</OrderItem>
	</Order>
	<Order OrderID="A123459G8" Owner="Z9">
		<OrderItem OrderItemID="ORDERITEM3" Owner="Z9">
			<Service ServiceID="SV1_1_SV_1023_ERR_SH2_22_SH2">
				<ServiceSelection>
					<ServiceDefinition ServiceDefinitionID="SV_1023">
						<Name>1st Bag</Name>
						<Descriptions>
							<Description/>
						</Descriptions>
					</ServiceDefinition>
				</ServiceSelection>
				<OfferValidDates>
					<Start Timestamp="2017-04-12T15:15:31.075Z"/>
					<End Timestamp="2017-07-26T00:00:00.000Z"/>
				</OfferValidDates>
				<PartnerID>sampleId</PartnerID>
				<ServiceSettlementValue>
					<Method>
						<Code>000</Code>
					</Method>
				</ServiceSettlementValue>
			</Service>
			<Service ServiceID="SV1_1_SV_1024_ERR_SH2_24_SH2">
				<ServiceSelection>
					<ServiceDefinition ServiceDefinitionID="SV_1024">
						<Name>3rd Bag</Name>
						<Descriptions>
							<Description/>
						</Descriptions>
					</ServiceDefinition>
				</ServiceSelection>
				<OfferValidDates>
					<Start Timestamp="2017-04-12T15:15:31.075Z"/>
					<End Timestamp="2017-07-26T00:00:00.000Z"/>
				</OfferValidDates>
				<PartnerID>sampleId</PartnerID>
				<ServiceSettlementValue>
					<Method>
						<Code>000</Code>
					</Method>
				</ServiceSettlementValue>
			</Service>
		</OrderItem>
		<OrderItem OrderItemID="ORDERITEM4" Owner="Z9">
			<Service ServiceID="SV1_2_SV_1024_ERR_SH1_45_SH1">
				<ServiceSelection>
					<ServiceDefinition ServiceDefinitionID="SV_1024">
						<Name>3rd Bag</Name>
						<Descriptions>
							<Description/>
						</Descriptions>
					</ServiceDefinition>
				</ServiceSelection>
				<OfferValidDates>
					<Start Timestamp="2017-04-12T15:15:31.075Z"/>
					<End Timestamp="2017-07-26T00:00:00.000Z"/>
				</OfferValidDates>
				<PartnerID>sampleId</PartnerID>
				<ServiceSettlementValue>
					<Method>
						<Code>000</Code>
					</Method>
				</ServiceSettlementValue>
			</Service>
			<Service ServiceID="SV1_2_SV_1023_ERR_SH1_43_SH1">
				<ServiceSelection>
					<ServiceDefinition ServiceDefinitionID="SV_1023">
						<Name>1st Bag</Name>
						<Descriptions>
							<Description/>
						</Descriptions>
					</ServiceDefinition>
				</ServiceSelection>
				<OfferValidDates>
					<Start Timestamp="2017-04-12T15:15:31.075Z"/>
					<End Timestamp="2017-07-26T00:00:00.000Z"/>
				</OfferValidDates>
				<PartnerID>sampleId</PartnerID>
				<ServiceSettlementValue>
					<Method>
						<Code>000</Code>
					</Method>
				</ServiceSettlementValue>
			</Service>
		</OrderItem>
	</Order>
</IATA_ServiceDeliveryRS>
